<?xml version="1.0" encoding="UTF-8"?><rss version="2.0"
	xmlns:content="http://purl.org/rss/1.0/modules/content/"
	xmlns:dc="http://purl.org/dc/elements/1.1/"
	xmlns:atom="http://www.w3.org/2005/Atom"
	xmlns:sy="http://purl.org/rss/1.0/modules/syndication/"
	
	>
<channel>
	<title>
	Comments on: At Vero Eos Et Accusamus Iust Odio	</title>
	<atom:link href="/at-vero-eos-et-accusamus-iust-odio/feed/" rel="self" type="application/rss+xml" />
	<link>/at-vero-eos-et-accusamus-iust-odio/</link>
	<description></description>
	<lastBuildDate>Tue, 07 Jul 2020 13:07:50 +0000</lastBuildDate>
	<sy:updatePeriod>
	hourly	</sy:updatePeriod>
	<sy:updateFrequency>
	1	</sy:updateFrequency>
	
</channel>
</rss>
