<?xml version="1.0" encoding="UTF-8"?><rss version="2.0"
	xmlns:content="http://purl.org/rss/1.0/modules/content/"
	xmlns:dc="http://purl.org/dc/elements/1.1/"
	xmlns:atom="http://www.w3.org/2005/Atom"
	xmlns:sy="http://purl.org/rss/1.0/modules/syndication/"
	
	>
<channel>
	<title>
	Comments on: There Are Many Variations Of Passages	</title>
	<atom:link href="/there-are-many-variations-of-passages/feed/" rel="self" type="application/rss+xml" />
	<link>/there-are-many-variations-of-passages/</link>
	<description></description>
	<lastBuildDate>Thu, 07 May 2020 13:11:26 +0000</lastBuildDate>
	<sy:updatePeriod>
	hourly	</sy:updatePeriod>
	<sy:updateFrequency>
	1	</sy:updateFrequency>
	
</channel>
</rss>
