<?xml version="1.0" encoding="UTF-8"?><rss version="2.0"
	xmlns:content="http://purl.org/rss/1.0/modules/content/"
	xmlns:dc="http://purl.org/dc/elements/1.1/"
	xmlns:atom="http://www.w3.org/2005/Atom"
	xmlns:sy="http://purl.org/rss/1.0/modules/syndication/"
	
	>
<channel>
	<title>
	Comments for My WordPress	</title>
	<atom:link href="/comments/feed/" rel="self" type="application/rss+xml" />
	<link>/</link>
	<description></description>
	<lastBuildDate>Sun, 10 Sep 2023 20:34:39 +0000</lastBuildDate>
	<sy:updatePeriod>
	hourly	</sy:updatePeriod>
	<sy:updateFrequency>
	1	</sy:updateFrequency>
	
	<item>
		<title>
		Comment on Wooden Classical by Rose Tyler		</title>
		<link>/product/wooden-classical-chairs-2/#comment-14</link>

		<dc:creator><![CDATA[Rose Tyler]]></dc:creator>
		<pubDate>Tue, 08 Dec 2020 09:57:28 +0000</pubDate>
		<guid isPermaLink="false">https://xstore.8theme.com/elementor/demos/niche-market02/?post_type=product&#038;p=1120#comment-14</guid>

					<description><![CDATA[Leo elit dui adipiscing ad eleifend congue primis curabitur etiam mi scelerisque nibh habitasse consectetur sapien lacinia condimentum eget. Gravida cubilia justo lacinia scelerisque purus justo orci a vestibulum donec primis suspendisse dignissim class tortor phasellus vestibulum duis ullamcorper natoque leo cursus.]]></description>
			<content:encoded><![CDATA[<p>Leo elit dui adipiscing ad eleifend congue primis curabitur etiam mi scelerisque nibh habitasse consectetur sapien lacinia condimentum eget. Gravida cubilia justo lacinia scelerisque purus justo orci a vestibulum donec primis suspendisse dignissim class tortor phasellus vestibulum duis ullamcorper natoque leo cursus.</p>
]]></content:encoded>
		
			</item>
		<item>
		<title>
		Comment on New Chairs by Rose Tyler		</title>
		<link>/product/new-chairs/#comment-15</link>

		<dc:creator><![CDATA[Rose Tyler]]></dc:creator>
		<pubDate>Tue, 08 Dec 2020 09:57:24 +0000</pubDate>
		<guid isPermaLink="false">https://xstore.8theme.com/elementor/demos/niche-market02/?post_type=product&#038;p=1121#comment-15</guid>

					<description><![CDATA[Leo elit dui adipiscing ad eleifend congue primis curabitur etiam mi scelerisque nibh habitasse consectetur sapien lacinia condimentum eget. Gravida cubilia justo lacinia scelerisque purus justo orci a vestibulum donec primis suspendisse dignissim class tortor phasellus vestibulum duis ullamcorper natoque leo cursus.]]></description>
			<content:encoded><![CDATA[<p>Leo elit dui adipiscing ad eleifend congue primis curabitur etiam mi scelerisque nibh habitasse consectetur sapien lacinia condimentum eget. Gravida cubilia justo lacinia scelerisque purus justo orci a vestibulum donec primis suspendisse dignissim class tortor phasellus vestibulum duis ullamcorper natoque leo cursus.</p>
]]></content:encoded>
		
			</item>
		<item>
		<title>
		Comment on Classical Chairs by Rose Tyler		</title>
		<link>/product/classical-chairs/#comment-13</link>

		<dc:creator><![CDATA[Rose Tyler]]></dc:creator>
		<pubDate>Tue, 08 Dec 2020 09:57:16 +0000</pubDate>
		<guid isPermaLink="false">https://xstore.8theme.com/elementor/demos/niche-market02/?post_type=product&#038;p=1119#comment-13</guid>

					<description><![CDATA[Leo elit dui adipiscing ad eleifend congue primis curabitur etiam mi scelerisque nibh habitasse consectetur sapien lacinia condimentum eget. Gravida cubilia justo lacinia scelerisque purus justo orci a vestibulum donec primis suspendisse dignissim class tortor phasellus vestibulum duis ullamcorper natoque leo cursus.]]></description>
			<content:encoded><![CDATA[<p>Leo elit dui adipiscing ad eleifend congue primis curabitur etiam mi scelerisque nibh habitasse consectetur sapien lacinia condimentum eget. Gravida cubilia justo lacinia scelerisque purus justo orci a vestibulum donec primis suspendisse dignissim class tortor phasellus vestibulum duis ullamcorper natoque leo cursus.</p>
]]></content:encoded>
		
			</item>
		<item>
		<title>
		Comment on Xanna Note by Rose Tyler		</title>
		<link>/product/xanna-note-4/#comment-11</link>

		<dc:creator><![CDATA[Rose Tyler]]></dc:creator>
		<pubDate>Tue, 08 Dec 2020 09:41:38 +0000</pubDate>
		<guid isPermaLink="false">https://xstore.8theme.com/elementor/demos/niche-market02/?post_type=product&#038;p=1095#comment-11</guid>

					<description><![CDATA[There are many variations of passages of Lorem Ipsum available, but the majority have suffered alteration in some form, by injected humour, or randomised words which don’t look even slightly believable. If you are going to use a passage of Lorem Ipsum, you need to be sure anything embarrassing.]]></description>
			<content:encoded><![CDATA[<p>There are many variations of passages of Lorem Ipsum available, but the majority have suffered alteration in some form, by injected humour, or randomised words which don’t look even slightly believable. If you are going to use a passage of Lorem Ipsum, you need to be sure anything embarrassing.</p>
]]></content:encoded>
		
			</item>
		<item>
		<title>
		Comment on Xanna Note by Rose Tyler		</title>
		<link>/product/xanna-note-3/#comment-10</link>

		<dc:creator><![CDATA[Rose Tyler]]></dc:creator>
		<pubDate>Tue, 08 Dec 2020 09:41:27 +0000</pubDate>
		<guid isPermaLink="false">https://xstore.8theme.com/elementor/demos/niche-market02/?post_type=product&#038;p=1094#comment-10</guid>

					<description><![CDATA[If you are going to use a passage of Lorem Ipsum, you need to be sure anything embarrassing. Suspendisse etiam a suspendisse urna vitae natoque ut a ante vestibulum. Quis commodo consequat feugiat sapien ut tempor laoreet a suspendisse arcu parturient proin nulla tortor inceptos elementum penatibus vestibulum ac in sagittis ac maecenas natoque felis quam. Venenatis varius a quam quis cum placerat.]]></description>
			<content:encoded><![CDATA[<p>If you are going to use a passage of Lorem Ipsum, you need to be sure anything embarrassing. Suspendisse etiam a suspendisse urna vitae natoque ut a ante vestibulum. Quis commodo consequat feugiat sapien ut tempor laoreet a suspendisse arcu parturient proin nulla tortor inceptos elementum penatibus vestibulum ac in sagittis ac maecenas natoque felis quam. Venenatis varius a quam quis cum placerat.</p>
]]></content:encoded>
		
			</item>
		<item>
		<title>
		Comment on Xanna Note by Rose Tyler		</title>
		<link>/product/xanna-note/#comment-7</link>

		<dc:creator><![CDATA[Rose Tyler]]></dc:creator>
		<pubDate>Tue, 08 Dec 2020 09:41:15 +0000</pubDate>
		<guid isPermaLink="false">https://xstore.8theme.com/elementor/demos/niche-market02/?post_type=product&#038;p=1085#comment-7</guid>

					<description><![CDATA[There are many variations of passages of Lorem Ipsum available, but the majority have suffered alteration in some form, by injected humour, or randomised words which don’t look even slightly believable. If you are going to use a passage of Lorem Ipsum, you need to be sure anything embarrassing.]]></description>
			<content:encoded><![CDATA[<p>There are many variations of passages of Lorem Ipsum available, but the majority have suffered alteration in some form, by injected humour, or randomised words which don’t look even slightly believable. If you are going to use a passage of Lorem Ipsum, you need to be sure anything embarrassing.</p>
]]></content:encoded>
		
			</item>
		<item>
		<title>
		Comment on Note by Rose Tyler		</title>
		<link>/product/note/#comment-12</link>

		<dc:creator><![CDATA[Rose Tyler]]></dc:creator>
		<pubDate>Tue, 08 Dec 2020 09:40:50 +0000</pubDate>
		<guid isPermaLink="false">https://xstore.8theme.com/elementor/demos/niche-market02/?post_type=product&#038;p=1096#comment-12</guid>

					<description><![CDATA[Quis commodo consequat feugiat sapien ut tempor laoreet a suspendisse arcu parturient proin nulla tortor inceptos elementum penatibus vestibulum ac in sagittis ac maecenas natoque felis quam. Venenatis varius a quam quis cum placerat.]]></description>
			<content:encoded><![CDATA[<p>Quis commodo consequat feugiat sapien ut tempor laoreet a suspendisse arcu parturient proin nulla tortor inceptos elementum penatibus vestibulum ac in sagittis ac maecenas natoque felis quam. Venenatis varius a quam quis cum placerat.</p>
]]></content:encoded>
		
			</item>
		<item>
		<title>
		Comment on New product by Rose Tyler		</title>
		<link>/product/new-product/#comment-8</link>

		<dc:creator><![CDATA[Rose Tyler]]></dc:creator>
		<pubDate>Tue, 08 Dec 2020 09:40:37 +0000</pubDate>
		<guid isPermaLink="false">https://xstore.8theme.com/elementor/demos/niche-market02/?post_type=product&#038;p=1092#comment-8</guid>

					<description><![CDATA[There are many variations of passages of Lorem Ipsum available, but the majority have suffered alteration in some form, by injected humour, or randomised words which don’t look even slightly believable. If you are going to use a passage of Lorem Ipsum, you need to be sure anything embarrassing. Suspendisse etiam a suspendisse urna vitae natoque ut a ante vestibulum. Quis commodo consequat feugiat sapien ut tempor laoreet a suspendisse arcu parturient proin nulla tortor inceptos elementum penatibus vestibulum ac in sagittis ac maecenas natoque felis quam. Venenatis varius a quam quis cum placerat.]]></description>
			<content:encoded><![CDATA[<p>There are many variations of passages of Lorem Ipsum available, but the majority have suffered alteration in some form, by injected humour, or randomised words which don’t look even slightly believable. If you are going to use a passage of Lorem Ipsum, you need to be sure anything embarrassing. Suspendisse etiam a suspendisse urna vitae natoque ut a ante vestibulum. Quis commodo consequat feugiat sapien ut tempor laoreet a suspendisse arcu parturient proin nulla tortor inceptos elementum penatibus vestibulum ac in sagittis ac maecenas natoque felis quam. Venenatis varius a quam quis cum placerat.</p>
]]></content:encoded>
		
			</item>
		<item>
		<title>
		Comment on Computer Wire by Rose Tyler		</title>
		<link>/product/computer-wire/#comment-9</link>

		<dc:creator><![CDATA[Rose Tyler]]></dc:creator>
		<pubDate>Tue, 08 Dec 2020 09:40:26 +0000</pubDate>
		<guid isPermaLink="false">https://xstore.8theme.com/elementor/demos/niche-market02/?post_type=product&#038;p=1093#comment-9</guid>

					<description><![CDATA[There are many variations of passages of Lorem Ipsum available, but the majority have suffered alteration in some form, by injected humour, or randomised words which don’t look even slightly believable. If you are going to use a passage of Lorem Ipsum, you need to be sure anything embarrassing. Suspendisse etiam a suspendisse urna vitae natoque ut a ante vestibulum. Quis commodo consequat feugiat sapien ut tempor laoreet a suspendisse arcu parturient proin nulla tortor inceptos elementum penatibus vestibulum ac in sagittis ac maecenas natoque felis quam. Venenatis varius a quam quis cum placerat.]]></description>
			<content:encoded><![CDATA[<p>There are many variations of passages of Lorem Ipsum available, but the majority have suffered alteration in some form, by injected humour, or randomised words which don’t look even slightly believable. If you are going to use a passage of Lorem Ipsum, you need to be sure anything embarrassing. Suspendisse etiam a suspendisse urna vitae natoque ut a ante vestibulum. Quis commodo consequat feugiat sapien ut tempor laoreet a suspendisse arcu parturient proin nulla tortor inceptos elementum penatibus vestibulum ac in sagittis ac maecenas natoque felis quam. Venenatis varius a quam quis cum placerat.</p>
]]></content:encoded>
		
			</item>
		<item>
		<title>
		Comment on Classical Chair by Rose Tyler		</title>
		<link>/product/wooden-classical-golden-chairs-2/#comment-4</link>

		<dc:creator><![CDATA[Rose Tyler]]></dc:creator>
		<pubDate>Mon, 07 Dec 2020 20:19:35 +0000</pubDate>
		<guid isPermaLink="false">https://xstore.8theme.com/elementor/demos/niche-market02/?post_type=product&#038;p=1047#comment-4</guid>

					<description><![CDATA[Leo elit dui adipiscing ad eleifend congue primis curabitur etiam mi scelerisque nibh habitasse consectetur sapien lacinia condimentum eget. Gravida cubilia justo lacinia scelerisque purus justo orci a vestibulum donec primis suspendisse dignissim class tortor phasellus vestibulum duis ullamcorper natoque leo cursus.]]></description>
			<content:encoded><![CDATA[<p>Leo elit dui adipiscing ad eleifend congue primis curabitur etiam mi scelerisque nibh habitasse consectetur sapien lacinia condimentum eget. Gravida cubilia justo lacinia scelerisque purus justo orci a vestibulum donec primis suspendisse dignissim class tortor phasellus vestibulum duis ullamcorper natoque leo cursus.</p>
]]></content:encoded>
		
			</item>
	</channel>
</rss>
