<?xml version="1.0" encoding="UTF-8"?><rss version="2.0"
	xmlns:content="http://purl.org/rss/1.0/modules/content/"
	xmlns:dc="http://purl.org/dc/elements/1.1/"
	xmlns:atom="http://www.w3.org/2005/Atom"
	xmlns:sy="http://purl.org/rss/1.0/modules/syndication/"
	
	>
<channel>
	<title>
	Comments on: The Other Hand, Denounce Righteous	</title>
	<atom:link href="/the-other-hand-denounce-righteous/feed/" rel="self" type="application/rss+xml" />
	<link>/the-other-hand-denounce-righteous/</link>
	<description></description>
	<lastBuildDate>Fri, 07 Aug 2020 13:09:07 +0000</lastBuildDate>
	<sy:updatePeriod>
	hourly	</sy:updatePeriod>
	<sy:updateFrequency>
	1	</sy:updateFrequency>
	
</channel>
</rss>
