<?xml version="1.0" encoding="UTF-8"?><rss version="2.0"
	xmlns:content="http://purl.org/rss/1.0/modules/content/"
	xmlns:wfw="http://wellformedweb.org/CommentAPI/"
	xmlns:dc="http://purl.org/dc/elements/1.1/"
	xmlns:atom="http://www.w3.org/2005/Atom"
	xmlns:sy="http://purl.org/rss/1.0/modules/syndication/"
	xmlns:slash="http://purl.org/rss/1.0/modules/slash/"
	>

<channel>
	<title>Computer &#8211; My WordPress</title>
	<atom:link href="/tag/computer/feed/" rel="self" type="application/rss+xml" />
	<link>/</link>
	<description></description>
	<lastBuildDate>Sun, 06 Dec 2020 10:27:53 +0000</lastBuildDate>
	<language>en-US</language>
	<sy:updatePeriod>
	hourly	</sy:updatePeriod>
	<sy:updateFrequency>
	1	</sy:updateFrequency>
	
	<item>
		<title>The Standard Lorem Ipsum Passage</title>
		<link>/the-standard-lorem-ipsum-passage-used-since-the-1500s/</link>
					<comments>/the-standard-lorem-ipsum-passage-used-since-the-1500s/#respond</comments>
		
		<dc:creator><![CDATA[rukuncse@gmail.com]]></dc:creator>
		<pubDate>Sun, 06 Dec 2020 10:27:53 +0000</pubDate>
				<category><![CDATA[Auto Electronic]]></category>
		<category><![CDATA[Cell Phones]]></category>
		<category><![CDATA[Computer]]></category>
		<category><![CDATA[Home Appliance]]></category>
		<category><![CDATA[iPad & Tablets]]></category>
		<category><![CDATA[TVs & Video]]></category>
		<category><![CDATA[Apparels]]></category>
		<category><![CDATA[Ecommercsing]]></category>
		<category><![CDATA[Electronics]]></category>
		<category><![CDATA[Furniture]]></category>
		<category><![CDATA[Home]]></category>
		<category><![CDATA[Jewelleries]]></category>
		<category><![CDATA[Medical]]></category>
		<guid isPermaLink="false">https://xstore.8theme.com/elementor/demos/niche-market02/?p=436</guid>

					<description><![CDATA[But I must explain to you how all this mistaken idea of denouncing pleasure and praising pain was born and...]]></description>
										<content:encoded><![CDATA[		<div data-elementor-type="wp-post" data-elementor-id="436" class="elementor elementor-436">
									<section class="elementor-section elementor-top-section elementor-element elementor-element-38338a7 elementor-section-boxed elementor-section-height-default elementor-section-height-default" data-id="38338a7" data-element_type="section">
						<div class="elementor-container elementor-column-gap-no">
					<div class="elementor-column elementor-col-100 elementor-top-column elementor-element elementor-element-c7b2b00" data-id="c7b2b00" data-element_type="column">
			<div class="elementor-widget-wrap elementor-element-populated">
								<div class="elementor-element elementor-element-0feb15e elementor-widget elementor-widget-text-editor" data-id="0feb15e" data-element_type="widget" data-widget_type="text-editor.default">
				<div class="elementor-widget-container">
			<style>/*! elementor - v3.16.0 - 09-10-2023 */
.elementor-widget-text-editor.elementor-drop-cap-view-stacked .elementor-drop-cap{background-color:#69727d;color:#fff}.elementor-widget-text-editor.elementor-drop-cap-view-framed .elementor-drop-cap{color:#69727d;border:3px solid;background-color:transparent}.elementor-widget-text-editor:not(.elementor-drop-cap-view-default) .elementor-drop-cap{margin-top:8px}.elementor-widget-text-editor:not(.elementor-drop-cap-view-default) .elementor-drop-cap-letter{width:1em;height:1em}.elementor-widget-text-editor .elementor-drop-cap{float:left;text-align:center;line-height:1;font-size:50px}.elementor-widget-text-editor .elementor-drop-cap-letter{display:inline-block}</style>				But I must explain to you how all this mistaken idea of denouncing pleasure and praising pain was born and I will give you a complete account of the system, and expound the actual teachings of the great explorer of the truth, the master-builder of human happiness simply dummy texts. Sed ut perspiciatis unde omnis iste natus error sit voluptatem accusantium doloremque laudantium, totam rem aperiam, eaque ipsa quae ab illo inventore veritatis et quasi architecto beatae vitae dicta sunt explicabo. Nemo enim ipsam voluptatem quia voluptas sit aspernatur aut odit aut fugit, sed quia consequuntur magni dolores eos qui ratione voluptatem sequi nesciunt. Neque porro quisquam est. sit amet, consectetur, adipisci velit, sed quia non numquam eius modi tempora incidunt ut labore et dolore magnam aliquam quaerat voluptatem. Ut enim ad minima veniam, quis nostrum exercitationem ullam corporis suscipit laboriosam, nisi ut aliquid ex ea commodi consequatur? Quis						</div>
				</div>
					</div>
		</div>
							</div>
		</section>
				<section class="elementor-section elementor-top-section elementor-element elementor-element-cf242fe elementor-section-boxed elementor-section-height-default elementor-section-height-default" data-id="cf242fe" data-element_type="section">
						<div class="elementor-container elementor-column-gap-no">
					<div class="elementor-column elementor-col-100 elementor-top-column elementor-element elementor-element-6725f73" data-id="6725f73" data-element_type="column">
			<div class="elementor-widget-wrap elementor-element-populated">
								<div class="elementor-element elementor-element-12c0457 elementor-widget elementor-widget-text-editor" data-id="12c0457" data-element_type="widget" data-widget_type="text-editor.default">
				<div class="elementor-widget-container">
							Sed ut perspiciatis unde omnis iste natus errors voluptatem accusantium doloree laudantium, totam remiam, eaque ipsa quae abings illo inventore veritatis et quasinl simply dummy text.						</div>
				</div>
					</div>
		</div>
							</div>
		</section>
				<section class="elementor-section elementor-top-section elementor-element elementor-element-3a35900 elementor-section-boxed elementor-section-height-default elementor-section-height-default" data-id="3a35900" data-element_type="section">
						<div class="elementor-container elementor-column-gap-no">
					<div class="elementor-column elementor-col-100 elementor-top-column elementor-element elementor-element-957d403" data-id="957d403" data-element_type="column">
			<div class="elementor-widget-wrap elementor-element-populated">
								<div class="elementor-element elementor-element-ba353a2 elementor-widget elementor-widget-text-editor" data-id="ba353a2" data-element_type="widget" data-widget_type="text-editor.default">
				<div class="elementor-widget-container">
							Sed ut perspiciatis unde omnis iste natus error voluptatem accusantium doloremque laudantium, totam rem aperiam, eaque ipsa quae ab illo inventore veritatis et quasi architecto beatae vitae dicta sunttings explicabo. Nemo enim ipsam voluptatem quia voluptas sittings aspernatur auting odit aut fugit, sed quia consequuntur magni dolores eos qui ratione. autem vel eum iure reprehenderit qui in ea voluptate velit esse quam nihil molestiae consequatur, vel illum qui dolorem eum fugiat quo voluptas nulla pariatur?&#8221;
						</div>
				</div>
					</div>
		</div>
							</div>
		</section>
				<section class="elementor-section elementor-top-section elementor-element elementor-element-41927c3 elementor-section-boxed elementor-section-height-default elementor-section-height-default" data-id="41927c3" data-element_type="section">
						<div class="elementor-container elementor-column-gap-no">
					<div class="elementor-column elementor-col-50 elementor-top-column elementor-element elementor-element-3b52f7d" data-id="3b52f7d" data-element_type="column">
			<div class="elementor-widget-wrap elementor-element-populated">
								<div class="elementor-element elementor-element-9a06d74 elementor-widget elementor-widget-image" data-id="9a06d74" data-element_type="widget" data-widget_type="image.default">
				<div class="elementor-widget-container">
			<style>/*! elementor - v3.16.0 - 09-10-2023 */
.elementor-widget-image{text-align:center}.elementor-widget-image a{display:inline-block}.elementor-widget-image a img[src$=".svg"]{width:48px}.elementor-widget-image img{vertical-align:middle;display:inline-block}</style>												<img decoding="async" fetchpriority="high" width="546" height="296" src="/wp-content/uploads/2020/12/Image-1-2.jpg" class="attachment-full size-full wp-image-438" alt="" />															</div>
				</div>
					</div>
		</div>
				<div class="elementor-column elementor-col-50 elementor-top-column elementor-element elementor-element-6fc7a22" data-id="6fc7a22" data-element_type="column">
			<div class="elementor-widget-wrap elementor-element-populated">
								<div class="elementor-element elementor-element-3cec8b4 elementor-widget elementor-widget-image" data-id="3cec8b4" data-element_type="widget" data-widget_type="image.default">
				<div class="elementor-widget-container">
															<img decoding="async" width="546" height="296" src="/wp-content/uploads/2020/12/Image-2-2.jpg" class="attachment-full size-full wp-image-439" alt="" />															</div>
				</div>
					</div>
		</div>
							</div>
		</section>
				<section class="elementor-section elementor-top-section elementor-element elementor-element-e6fde28 elementor-section-boxed elementor-section-height-default elementor-section-height-default" data-id="e6fde28" data-element_type="section">
						<div class="elementor-container elementor-column-gap-no">
					<div class="elementor-column elementor-col-100 elementor-top-column elementor-element elementor-element-cd6f5b7" data-id="cd6f5b7" data-element_type="column">
			<div class="elementor-widget-wrap elementor-element-populated">
								<div class="elementor-element elementor-element-927fe37 elementor-widget elementor-widget-text-editor" data-id="927fe37" data-element_type="widget" data-widget_type="text-editor.default">
				<div class="elementor-widget-container">
							But I must explain to you how all this mistaken idea of denouncing pleasure and praising pain was born and I will give you a complete account of the system, and expound the actual teachings of the great explorer of the truth, the master-builder of human happiness simply dummy texts. Sed ut perspiciatis unde omnis iste natus error sit voluptatem accusantium doloremque laudantium, totam rem aperiam, eaque ipsa quae ab illo inventore veritatis et quasi architecto beatae vitae dicta sunt explicabo. Nemo enim ipsam voluptatem quia voluptas sit aspernatur aut odit aut fugit, sed quia consequuntur magni dolores eos qui ratione voluptatem sequi nesciunt. Neque porro quisquam est. sit amet, consectetur.						</div>
				</div>
					</div>
		</div>
							</div>
		</section>
							</div>
		]]></content:encoded>
					
					<wfw:commentRss>/the-standard-lorem-ipsum-passage-used-since-the-1500s/feed/</wfw:commentRss>
			<slash:comments>0</slash:comments>
		
		
			</item>
		<item>
		<title>1914 Translation By H. Rackham</title>
		<link>/1914-translation-by-h-rackham/</link>
					<comments>/1914-translation-by-h-rackham/#respond</comments>
		
		<dc:creator><![CDATA[rukuncse@gmail.com]]></dc:creator>
		<pubDate>Sat, 07 Nov 2020 13:06:11 +0000</pubDate>
				<category><![CDATA[Auto Electronic]]></category>
		<category><![CDATA[Cell Phones]]></category>
		<category><![CDATA[Computer]]></category>
		<category><![CDATA[Home Appliance]]></category>
		<category><![CDATA[iPad & Tablets]]></category>
		<category><![CDATA[Apparels]]></category>
		<category><![CDATA[Ecommercsing]]></category>
		<category><![CDATA[Electronics]]></category>
		<category><![CDATA[Furniture]]></category>
		<category><![CDATA[Home]]></category>
		<category><![CDATA[Jewelleries]]></category>
		<category><![CDATA[Medical]]></category>
		<guid isPermaLink="false">https://xstore.8theme.com/elementor/demos/niche-market02/?p=888</guid>

					<description><![CDATA[At vero eos et accusamus et iusto odio dignissimos cimus qui blanditiis praesentium voluptatum deleniti texts]]></description>
										<content:encoded><![CDATA[		<div data-elementor-type="wp-post" data-elementor-id="888" class="elementor elementor-888">
									<section class="elementor-section elementor-top-section elementor-element elementor-element-652fecc7 elementor-section-boxed elementor-section-height-default elementor-section-height-default" data-id="652fecc7" data-element_type="section">
						<div class="elementor-container elementor-column-gap-no">
					<div class="elementor-column elementor-col-100 elementor-top-column elementor-element elementor-element-34c425b1" data-id="34c425b1" data-element_type="column">
			<div class="elementor-widget-wrap elementor-element-populated">
								<div class="elementor-element elementor-element-1259308c elementor-widget elementor-widget-text-editor" data-id="1259308c" data-element_type="widget" data-widget_type="text-editor.default">
				<div class="elementor-widget-container">
							But I must explain to you how all this mistaken idea of denouncing pleasure and praising pain was born and I will give you a complete account of the system, and expound the actual teachings of the great explorer of the truth, the master-builder of human happiness simply dummy texts. Sed ut perspiciatis unde omnis iste natus error sit voluptatem accusantium doloremque laudantium, totam rem aperiam, eaque ipsa quae ab illo inventore veritatis et quasi architecto beatae vitae dicta sunt explicabo. Nemo enim ipsam voluptatem quia voluptas sit aspernatur aut odit aut fugit, sed quia consequuntur magni dolores eos qui ratione voluptatem sequi nesciunt. Neque porro quisquam est. sit amet, consectetur, adipisci velit, sed quia non numquam eius modi tempora incidunt ut labore et dolore magnam aliquam quaerat voluptatem. Ut enim ad minima veniam, quis nostrum exercitationem ullam corporis suscipit laboriosam, nisi ut aliquid ex ea commodi consequatur? Quis						</div>
				</div>
					</div>
		</div>
							</div>
		</section>
				<section class="elementor-section elementor-top-section elementor-element elementor-element-5c78e624 elementor-section-boxed elementor-section-height-default elementor-section-height-default" data-id="5c78e624" data-element_type="section">
						<div class="elementor-container elementor-column-gap-no">
					<div class="elementor-column elementor-col-100 elementor-top-column elementor-element elementor-element-6921ed32" data-id="6921ed32" data-element_type="column">
			<div class="elementor-widget-wrap elementor-element-populated">
								<div class="elementor-element elementor-element-29ca6a66 elementor-widget elementor-widget-text-editor" data-id="29ca6a66" data-element_type="widget" data-widget_type="text-editor.default">
				<div class="elementor-widget-container">
							Sed ut perspiciatis unde omnis iste natus errors voluptatem accusantium doloree laudantium, totam remiam, eaque ipsa quae abings illo inventore veritatis et quasinl simply dummy text.						</div>
				</div>
					</div>
		</div>
							</div>
		</section>
				<section class="elementor-section elementor-top-section elementor-element elementor-element-1576b0d4 elementor-section-boxed elementor-section-height-default elementor-section-height-default" data-id="1576b0d4" data-element_type="section">
						<div class="elementor-container elementor-column-gap-no">
					<div class="elementor-column elementor-col-100 elementor-top-column elementor-element elementor-element-562cb16f" data-id="562cb16f" data-element_type="column">
			<div class="elementor-widget-wrap elementor-element-populated">
								<div class="elementor-element elementor-element-2e1b55c elementor-widget elementor-widget-text-editor" data-id="2e1b55c" data-element_type="widget" data-widget_type="text-editor.default">
				<div class="elementor-widget-container">
							Sed ut perspiciatis unde omnis iste natus error voluptatem accusantium doloremque laudantium, totam rem aperiam, eaque ipsa quae ab illo inventore veritatis et quasi architecto beatae vitae dicta sunttings explicabo. Nemo enim ipsam voluptatem quia voluptas sittings aspernatur auting odit aut fugit, sed quia consequuntur magni dolores eos qui ratione. autem vel eum iure reprehenderit qui in ea voluptate velit esse quam nihil molestiae consequatur, vel illum qui dolorem eum fugiat quo voluptas nulla pariatur?&#8221;
						</div>
				</div>
					</div>
		</div>
							</div>
		</section>
				<section class="elementor-section elementor-top-section elementor-element elementor-element-320885da elementor-section-boxed elementor-section-height-default elementor-section-height-default" data-id="320885da" data-element_type="section">
						<div class="elementor-container elementor-column-gap-no">
					<div class="elementor-column elementor-col-50 elementor-top-column elementor-element elementor-element-3f322e7d" data-id="3f322e7d" data-element_type="column">
			<div class="elementor-widget-wrap elementor-element-populated">
								<div class="elementor-element elementor-element-17d94922 elementor-widget elementor-widget-image" data-id="17d94922" data-element_type="widget" data-widget_type="image.default">
				<div class="elementor-widget-container">
															<img decoding="async" width="546" height="296" src="/wp-content/uploads/2020/12/Image-1-2.jpg" class="attachment-full size-full wp-image-438" alt="" />															</div>
				</div>
					</div>
		</div>
				<div class="elementor-column elementor-col-50 elementor-top-column elementor-element elementor-element-60571b89" data-id="60571b89" data-element_type="column">
			<div class="elementor-widget-wrap elementor-element-populated">
								<div class="elementor-element elementor-element-4bc128c elementor-widget elementor-widget-image" data-id="4bc128c" data-element_type="widget" data-widget_type="image.default">
				<div class="elementor-widget-container">
															<img decoding="async" loading="lazy" width="546" height="296" src="/wp-content/uploads/2020/12/Image-2-2.jpg" class="attachment-full size-full wp-image-439" alt="" />															</div>
				</div>
					</div>
		</div>
							</div>
		</section>
				<section class="elementor-section elementor-top-section elementor-element elementor-element-74d511db elementor-section-boxed elementor-section-height-default elementor-section-height-default" data-id="74d511db" data-element_type="section">
						<div class="elementor-container elementor-column-gap-no">
					<div class="elementor-column elementor-col-100 elementor-top-column elementor-element elementor-element-dcda4ae" data-id="dcda4ae" data-element_type="column">
			<div class="elementor-widget-wrap elementor-element-populated">
								<div class="elementor-element elementor-element-57b64b28 elementor-widget elementor-widget-text-editor" data-id="57b64b28" data-element_type="widget" data-widget_type="text-editor.default">
				<div class="elementor-widget-container">
							But I must explain to you how all this mistaken idea of denouncing pleasure and praising pain was born and I will give you a complete account of the system, and expound the actual teachings of the great explorer of the truth, the master-builder of human happiness simply dummy texts. Sed ut perspiciatis unde omnis iste natus error sit voluptatem accusantium doloremque laudantium, totam rem aperiam, eaque ipsa quae ab illo inventore veritatis et quasi architecto beatae vitae dicta sunt explicabo. Nemo enim ipsam voluptatem quia voluptas sit aspernatur aut odit aut fugit, sed quia consequuntur magni dolores eos qui ratione voluptatem sequi nesciunt. Neque porro quisquam est. sit amet, consectetur.						</div>
				</div>
					</div>
		</div>
							</div>
		</section>
							</div>
		]]></content:encoded>
					
					<wfw:commentRss>/1914-translation-by-h-rackham/feed/</wfw:commentRss>
			<slash:comments>0</slash:comments>
		
		
			</item>
		<item>
		<title>Finibus Bonorum Malorum By Cicero</title>
		<link>/finibus-bonorum-malorum-by-cicero/</link>
					<comments>/finibus-bonorum-malorum-by-cicero/#respond</comments>
		
		<dc:creator><![CDATA[rukuncse@gmail.com]]></dc:creator>
		<pubDate>Wed, 07 Oct 2020 13:07:00 +0000</pubDate>
				<category><![CDATA[Auto Electronic]]></category>
		<category><![CDATA[Cell Phones]]></category>
		<category><![CDATA[Computer]]></category>
		<category><![CDATA[Home Appliance]]></category>
		<category><![CDATA[iPad & Tablets]]></category>
		<category><![CDATA[TVs & Video]]></category>
		<category><![CDATA[Apparels]]></category>
		<category><![CDATA[Ecommercsing]]></category>
		<category><![CDATA[Electronics]]></category>
		<category><![CDATA[Furniture]]></category>
		<category><![CDATA[Home]]></category>
		<category><![CDATA[Jewelleries]]></category>
		<category><![CDATA[Medical]]></category>
		<guid isPermaLink="false">https://xstore.8theme.com/elementor/demos/niche-market02/?p=889</guid>

					<description><![CDATA[On the other hands, we denounce with righteous indignati and dislike men who are so beguiled demoralized]]></description>
										<content:encoded><![CDATA[		<div data-elementor-type="wp-post" data-elementor-id="889" class="elementor elementor-889">
									<section class="elementor-section elementor-top-section elementor-element elementor-element-5ca934f5 elementor-section-boxed elementor-section-height-default elementor-section-height-default" data-id="5ca934f5" data-element_type="section">
						<div class="elementor-container elementor-column-gap-no">
					<div class="elementor-column elementor-col-100 elementor-top-column elementor-element elementor-element-4c9b6353" data-id="4c9b6353" data-element_type="column">
			<div class="elementor-widget-wrap elementor-element-populated">
								<div class="elementor-element elementor-element-508e0af8 elementor-widget elementor-widget-text-editor" data-id="508e0af8" data-element_type="widget" data-widget_type="text-editor.default">
				<div class="elementor-widget-container">
							But I must explain to you how all this mistaken idea of denouncing pleasure and praising pain was born and I will give you a complete account of the system, and expound the actual teachings of the great explorer of the truth, the master-builder of human happiness simply dummy texts. Sed ut perspiciatis unde omnis iste natus error sit voluptatem accusantium doloremque laudantium, totam rem aperiam, eaque ipsa quae ab illo inventore veritatis et quasi architecto beatae vitae dicta sunt explicabo. Nemo enim ipsam voluptatem quia voluptas sit aspernatur aut odit aut fugit, sed quia consequuntur magni dolores eos qui ratione voluptatem sequi nesciunt. Neque porro quisquam est. sit amet, consectetur, adipisci velit, sed quia non numquam eius modi tempora incidunt ut labore et dolore magnam aliquam quaerat voluptatem. Ut enim ad minima veniam, quis nostrum exercitationem ullam corporis suscipit laboriosam, nisi ut aliquid ex ea commodi consequatur? Quis						</div>
				</div>
					</div>
		</div>
							</div>
		</section>
				<section class="elementor-section elementor-top-section elementor-element elementor-element-7667918c elementor-section-boxed elementor-section-height-default elementor-section-height-default" data-id="7667918c" data-element_type="section">
						<div class="elementor-container elementor-column-gap-no">
					<div class="elementor-column elementor-col-100 elementor-top-column elementor-element elementor-element-219b0199" data-id="219b0199" data-element_type="column">
			<div class="elementor-widget-wrap elementor-element-populated">
								<div class="elementor-element elementor-element-68a97a9a elementor-widget elementor-widget-text-editor" data-id="68a97a9a" data-element_type="widget" data-widget_type="text-editor.default">
				<div class="elementor-widget-container">
							Sed ut perspiciatis unde omnis iste natus errors voluptatem accusantium doloree laudantium, totam remiam, eaque ipsa quae abings illo inventore veritatis et quasinl simply dummy text.						</div>
				</div>
					</div>
		</div>
							</div>
		</section>
				<section class="elementor-section elementor-top-section elementor-element elementor-element-1d5b5b2b elementor-section-boxed elementor-section-height-default elementor-section-height-default" data-id="1d5b5b2b" data-element_type="section">
						<div class="elementor-container elementor-column-gap-no">
					<div class="elementor-column elementor-col-100 elementor-top-column elementor-element elementor-element-3f90b899" data-id="3f90b899" data-element_type="column">
			<div class="elementor-widget-wrap elementor-element-populated">
								<div class="elementor-element elementor-element-4e18f84d elementor-widget elementor-widget-text-editor" data-id="4e18f84d" data-element_type="widget" data-widget_type="text-editor.default">
				<div class="elementor-widget-container">
							Sed ut perspiciatis unde omnis iste natus error voluptatem accusantium doloremque laudantium, totam rem aperiam, eaque ipsa quae ab illo inventore veritatis et quasi architecto beatae vitae dicta sunttings explicabo. Nemo enim ipsam voluptatem quia voluptas sittings aspernatur auting odit aut fugit, sed quia consequuntur magni dolores eos qui ratione. autem vel eum iure reprehenderit qui in ea voluptate velit esse quam nihil molestiae consequatur, vel illum qui dolorem eum fugiat quo voluptas nulla pariatur?&#8221;
						</div>
				</div>
					</div>
		</div>
							</div>
		</section>
				<section class="elementor-section elementor-top-section elementor-element elementor-element-3084f989 elementor-section-boxed elementor-section-height-default elementor-section-height-default" data-id="3084f989" data-element_type="section">
						<div class="elementor-container elementor-column-gap-no">
					<div class="elementor-column elementor-col-50 elementor-top-column elementor-element elementor-element-71735f52" data-id="71735f52" data-element_type="column">
			<div class="elementor-widget-wrap elementor-element-populated">
								<div class="elementor-element elementor-element-6df76379 elementor-widget elementor-widget-image" data-id="6df76379" data-element_type="widget" data-widget_type="image.default">
				<div class="elementor-widget-container">
															<img decoding="async" loading="lazy" width="546" height="296" src="/wp-content/uploads/2020/12/Image-1-2.jpg" class="attachment-full size-full wp-image-438" alt="" />															</div>
				</div>
					</div>
		</div>
				<div class="elementor-column elementor-col-50 elementor-top-column elementor-element elementor-element-44997ff4" data-id="44997ff4" data-element_type="column">
			<div class="elementor-widget-wrap elementor-element-populated">
								<div class="elementor-element elementor-element-1858e343 elementor-widget elementor-widget-image" data-id="1858e343" data-element_type="widget" data-widget_type="image.default">
				<div class="elementor-widget-container">
															<img decoding="async" loading="lazy" width="546" height="296" src="/wp-content/uploads/2020/12/Image-2-2.jpg" class="attachment-full size-full wp-image-439" alt="" />															</div>
				</div>
					</div>
		</div>
							</div>
		</section>
				<section class="elementor-section elementor-top-section elementor-element elementor-element-11c1765b elementor-section-boxed elementor-section-height-default elementor-section-height-default" data-id="11c1765b" data-element_type="section">
						<div class="elementor-container elementor-column-gap-no">
					<div class="elementor-column elementor-col-100 elementor-top-column elementor-element elementor-element-50a3c6d0" data-id="50a3c6d0" data-element_type="column">
			<div class="elementor-widget-wrap elementor-element-populated">
								<div class="elementor-element elementor-element-5eb460c4 elementor-widget elementor-widget-text-editor" data-id="5eb460c4" data-element_type="widget" data-widget_type="text-editor.default">
				<div class="elementor-widget-container">
							But I must explain to you how all this mistaken idea of denouncing pleasure and praising pain was born and I will give you a complete account of the system, and expound the actual teachings of the great explorer of the truth, the master-builder of human happiness simply dummy texts. Sed ut perspiciatis unde omnis iste natus error sit voluptatem accusantium doloremque laudantium, totam rem aperiam, eaque ipsa quae ab illo inventore veritatis et quasi architecto beatae vitae dicta sunt explicabo. Nemo enim ipsam voluptatem quia voluptas sit aspernatur aut odit aut fugit, sed quia consequuntur magni dolores eos qui ratione voluptatem sequi nesciunt. Neque porro quisquam est. sit amet, consectetur.						</div>
				</div>
					</div>
		</div>
							</div>
		</section>
							</div>
		]]></content:encoded>
					
					<wfw:commentRss>/finibus-bonorum-malorum-by-cicero/feed/</wfw:commentRss>
			<slash:comments>0</slash:comments>
		
		
			</item>
		<item>
		<title>The Extremes Of Good And Evil</title>
		<link>/the-extremes-of-good-and-evil/</link>
					<comments>/the-extremes-of-good-and-evil/#respond</comments>
		
		<dc:creator><![CDATA[rukuncse@gmail.com]]></dc:creator>
		<pubDate>Mon, 07 Sep 2020 13:13:13 +0000</pubDate>
				<category><![CDATA[Auto Electronic]]></category>
		<category><![CDATA[Cell Phones]]></category>
		<category><![CDATA[Computer]]></category>
		<category><![CDATA[Home Appliance]]></category>
		<category><![CDATA[Apparels]]></category>
		<category><![CDATA[Ecommercsing]]></category>
		<category><![CDATA[Electronics]]></category>
		<category><![CDATA[Furniture]]></category>
		<category><![CDATA[Home]]></category>
		<category><![CDATA[Jewelleries]]></category>
		<category><![CDATA[Medical]]></category>
		<guid isPermaLink="false">https://xstore.8theme.com/elementor/demos/niche-market02/?p=895</guid>

					<description><![CDATA[The standard chunk of Lorem Ipsum used since the 1500s is reproduced below for those interested]]></description>
										<content:encoded><![CDATA[		<div data-elementor-type="wp-post" data-elementor-id="895" class="elementor elementor-895">
									<section class="elementor-section elementor-top-section elementor-element elementor-element-4cebe945 elementor-section-boxed elementor-section-height-default elementor-section-height-default" data-id="4cebe945" data-element_type="section">
						<div class="elementor-container elementor-column-gap-no">
					<div class="elementor-column elementor-col-100 elementor-top-column elementor-element elementor-element-4e521d9a" data-id="4e521d9a" data-element_type="column">
			<div class="elementor-widget-wrap elementor-element-populated">
								<div class="elementor-element elementor-element-525adcaa elementor-widget elementor-widget-text-editor" data-id="525adcaa" data-element_type="widget" data-widget_type="text-editor.default">
				<div class="elementor-widget-container">
							But I must explain to you how all this mistaken idea of denouncing pleasure and praising pain was born and I will give you a complete account of the system, and expound the actual teachings of the great explorer of the truth, the master-builder of human happiness simply dummy texts. Sed ut perspiciatis unde omnis iste natus error sit voluptatem accusantium doloremque laudantium, totam rem aperiam, eaque ipsa quae ab illo inventore veritatis et quasi architecto beatae vitae dicta sunt explicabo. Nemo enim ipsam voluptatem quia voluptas sit aspernatur aut odit aut fugit, sed quia consequuntur magni dolores eos qui ratione voluptatem sequi nesciunt. Neque porro quisquam est. sit amet, consectetur, adipisci velit, sed quia non numquam eius modi tempora incidunt ut labore et dolore magnam aliquam quaerat voluptatem. Ut enim ad minima veniam, quis nostrum exercitationem ullam corporis suscipit laboriosam, nisi ut aliquid ex ea commodi consequatur? Quis						</div>
				</div>
					</div>
		</div>
							</div>
		</section>
				<section class="elementor-section elementor-top-section elementor-element elementor-element-6bea4fd7 elementor-section-boxed elementor-section-height-default elementor-section-height-default" data-id="6bea4fd7" data-element_type="section">
						<div class="elementor-container elementor-column-gap-no">
					<div class="elementor-column elementor-col-100 elementor-top-column elementor-element elementor-element-2ab47efd" data-id="2ab47efd" data-element_type="column">
			<div class="elementor-widget-wrap elementor-element-populated">
								<div class="elementor-element elementor-element-a0d5262 elementor-widget elementor-widget-text-editor" data-id="a0d5262" data-element_type="widget" data-widget_type="text-editor.default">
				<div class="elementor-widget-container">
							Sed ut perspiciatis unde omnis iste natus errors voluptatem accusantium doloree laudantium, totam remiam, eaque ipsa quae abings illo inventore veritatis et quasinl simply dummy text.						</div>
				</div>
					</div>
		</div>
							</div>
		</section>
				<section class="elementor-section elementor-top-section elementor-element elementor-element-19eea0c7 elementor-section-boxed elementor-section-height-default elementor-section-height-default" data-id="19eea0c7" data-element_type="section">
						<div class="elementor-container elementor-column-gap-no">
					<div class="elementor-column elementor-col-100 elementor-top-column elementor-element elementor-element-40a686ec" data-id="40a686ec" data-element_type="column">
			<div class="elementor-widget-wrap elementor-element-populated">
								<div class="elementor-element elementor-element-5f2219da elementor-widget elementor-widget-text-editor" data-id="5f2219da" data-element_type="widget" data-widget_type="text-editor.default">
				<div class="elementor-widget-container">
							Sed ut perspiciatis unde omnis iste natus error voluptatem accusantium doloremque laudantium, totam rem aperiam, eaque ipsa quae ab illo inventore veritatis et quasi architecto beatae vitae dicta sunttings explicabo. Nemo enim ipsam voluptatem quia voluptas sittings aspernatur auting odit aut fugit, sed quia consequuntur magni dolores eos qui ratione. autem vel eum iure reprehenderit qui in ea voluptate velit esse quam nihil molestiae consequatur, vel illum qui dolorem eum fugiat quo voluptas nulla pariatur?&#8221;
						</div>
				</div>
					</div>
		</div>
							</div>
		</section>
				<section class="elementor-section elementor-top-section elementor-element elementor-element-5e0bdceb elementor-section-boxed elementor-section-height-default elementor-section-height-default" data-id="5e0bdceb" data-element_type="section">
						<div class="elementor-container elementor-column-gap-no">
					<div class="elementor-column elementor-col-50 elementor-top-column elementor-element elementor-element-225949a4" data-id="225949a4" data-element_type="column">
			<div class="elementor-widget-wrap elementor-element-populated">
								<div class="elementor-element elementor-element-4eaf1400 elementor-widget elementor-widget-image" data-id="4eaf1400" data-element_type="widget" data-widget_type="image.default">
				<div class="elementor-widget-container">
															<img decoding="async" loading="lazy" width="546" height="296" src="/wp-content/uploads/2020/12/Image-1-2.jpg" class="attachment-full size-full wp-image-438" alt="" />															</div>
				</div>
					</div>
		</div>
				<div class="elementor-column elementor-col-50 elementor-top-column elementor-element elementor-element-35f02d38" data-id="35f02d38" data-element_type="column">
			<div class="elementor-widget-wrap elementor-element-populated">
								<div class="elementor-element elementor-element-c6e1b3 elementor-widget elementor-widget-image" data-id="c6e1b3" data-element_type="widget" data-widget_type="image.default">
				<div class="elementor-widget-container">
															<img decoding="async" loading="lazy" width="546" height="296" src="/wp-content/uploads/2020/12/Image-2-2.jpg" class="attachment-full size-full wp-image-439" alt="" />															</div>
				</div>
					</div>
		</div>
							</div>
		</section>
				<section class="elementor-section elementor-top-section elementor-element elementor-element-4132c86e elementor-section-boxed elementor-section-height-default elementor-section-height-default" data-id="4132c86e" data-element_type="section">
						<div class="elementor-container elementor-column-gap-no">
					<div class="elementor-column elementor-col-100 elementor-top-column elementor-element elementor-element-565a5a68" data-id="565a5a68" data-element_type="column">
			<div class="elementor-widget-wrap elementor-element-populated">
								<div class="elementor-element elementor-element-99e256b elementor-widget elementor-widget-text-editor" data-id="99e256b" data-element_type="widget" data-widget_type="text-editor.default">
				<div class="elementor-widget-container">
							But I must explain to you how all this mistaken idea of denouncing pleasure and praising pain was born and I will give you a complete account of the system, and expound the actual teachings of the great explorer of the truth, the master-builder of human happiness simply dummy texts. Sed ut perspiciatis unde omnis iste natus error sit voluptatem accusantium doloremque laudantium, totam rem aperiam, eaque ipsa quae ab illo inventore veritatis et quasi architecto beatae vitae dicta sunt explicabo. Nemo enim ipsam voluptatem quia voluptas sit aspernatur aut odit aut fugit, sed quia consequuntur magni dolores eos qui ratione voluptatem sequi nesciunt. Neque porro quisquam est. sit amet, consectetur.						</div>
				</div>
					</div>
		</div>
							</div>
		</section>
							</div>
		]]></content:encoded>
					
					<wfw:commentRss>/the-extremes-of-good-and-evil/feed/</wfw:commentRss>
			<slash:comments>0</slash:comments>
		
		
			</item>
		<item>
		<title>The Other Hand, Denounce Righteous</title>
		<link>/the-other-hand-denounce-righteous/</link>
					<comments>/the-other-hand-denounce-righteous/#respond</comments>
		
		<dc:creator><![CDATA[rukuncse@gmail.com]]></dc:creator>
		<pubDate>Fri, 07 Aug 2020 13:09:07 +0000</pubDate>
				<category><![CDATA[Auto Electronic]]></category>
		<category><![CDATA[Cell Phones]]></category>
		<category><![CDATA[Computer]]></category>
		<category><![CDATA[Home Appliance]]></category>
		<category><![CDATA[iPad & Tablets]]></category>
		<category><![CDATA[TVs & Video]]></category>
		<category><![CDATA[Wearable Tech]]></category>
		<category><![CDATA[Apparels]]></category>
		<category><![CDATA[Ecommercsing]]></category>
		<category><![CDATA[Electronics]]></category>
		<category><![CDATA[Furniture]]></category>
		<category><![CDATA[Home]]></category>
		<category><![CDATA[Jewelleries]]></category>
		<category><![CDATA[Medical]]></category>
		<guid isPermaLink="false">https://xstore.8theme.com/elementor/demos/niche-market02/?p=891</guid>

					<description><![CDATA[The wise man therefore alwaysi holds in these matters to this principle of selection: he rejects pleasures]]></description>
										<content:encoded><![CDATA[		<div data-elementor-type="wp-post" data-elementor-id="891" class="elementor elementor-891">
									<section class="elementor-section elementor-top-section elementor-element elementor-element-6516e0ac elementor-section-boxed elementor-section-height-default elementor-section-height-default" data-id="6516e0ac" data-element_type="section">
						<div class="elementor-container elementor-column-gap-no">
					<div class="elementor-column elementor-col-100 elementor-top-column elementor-element elementor-element-74a51fa7" data-id="74a51fa7" data-element_type="column">
			<div class="elementor-widget-wrap elementor-element-populated">
								<div class="elementor-element elementor-element-3fdb1232 elementor-widget elementor-widget-text-editor" data-id="3fdb1232" data-element_type="widget" data-widget_type="text-editor.default">
				<div class="elementor-widget-container">
							But I must explain to you how all this mistaken idea of denouncing pleasure and praising pain was born and I will give you a complete account of the system, and expound the actual teachings of the great explorer of the truth, the master-builder of human happiness simply dummy texts. Sed ut perspiciatis unde omnis iste natus error sit voluptatem accusantium doloremque laudantium, totam rem aperiam, eaque ipsa quae ab illo inventore veritatis et quasi architecto beatae vitae dicta sunt explicabo. Nemo enim ipsam voluptatem quia voluptas sit aspernatur aut odit aut fugit, sed quia consequuntur magni dolores eos qui ratione voluptatem sequi nesciunt. Neque porro quisquam est. sit amet, consectetur, adipisci velit, sed quia non numquam eius modi tempora incidunt ut labore et dolore magnam aliquam quaerat voluptatem. Ut enim ad minima veniam, quis nostrum exercitationem ullam corporis suscipit laboriosam, nisi ut aliquid ex ea commodi consequatur? Quis						</div>
				</div>
					</div>
		</div>
							</div>
		</section>
				<section class="elementor-section elementor-top-section elementor-element elementor-element-22008bdf elementor-section-boxed elementor-section-height-default elementor-section-height-default" data-id="22008bdf" data-element_type="section">
						<div class="elementor-container elementor-column-gap-no">
					<div class="elementor-column elementor-col-100 elementor-top-column elementor-element elementor-element-28558a30" data-id="28558a30" data-element_type="column">
			<div class="elementor-widget-wrap elementor-element-populated">
								<div class="elementor-element elementor-element-5efbe769 elementor-widget elementor-widget-text-editor" data-id="5efbe769" data-element_type="widget" data-widget_type="text-editor.default">
				<div class="elementor-widget-container">
							Sed ut perspiciatis unde omnis iste natus errors voluptatem accusantium doloree laudantium, totam remiam, eaque ipsa quae abings illo inventore veritatis et quasinl simply dummy text.						</div>
				</div>
					</div>
		</div>
							</div>
		</section>
				<section class="elementor-section elementor-top-section elementor-element elementor-element-5739d17 elementor-section-boxed elementor-section-height-default elementor-section-height-default" data-id="5739d17" data-element_type="section">
						<div class="elementor-container elementor-column-gap-no">
					<div class="elementor-column elementor-col-100 elementor-top-column elementor-element elementor-element-505dc67d" data-id="505dc67d" data-element_type="column">
			<div class="elementor-widget-wrap elementor-element-populated">
								<div class="elementor-element elementor-element-6a2051eb elementor-widget elementor-widget-text-editor" data-id="6a2051eb" data-element_type="widget" data-widget_type="text-editor.default">
				<div class="elementor-widget-container">
							Sed ut perspiciatis unde omnis iste natus error voluptatem accusantium doloremque laudantium, totam rem aperiam, eaque ipsa quae ab illo inventore veritatis et quasi architecto beatae vitae dicta sunttings explicabo. Nemo enim ipsam voluptatem quia voluptas sittings aspernatur auting odit aut fugit, sed quia consequuntur magni dolores eos qui ratione. autem vel eum iure reprehenderit qui in ea voluptate velit esse quam nihil molestiae consequatur, vel illum qui dolorem eum fugiat quo voluptas nulla pariatur?&#8221;
						</div>
				</div>
					</div>
		</div>
							</div>
		</section>
				<section class="elementor-section elementor-top-section elementor-element elementor-element-4265dff elementor-section-boxed elementor-section-height-default elementor-section-height-default" data-id="4265dff" data-element_type="section">
						<div class="elementor-container elementor-column-gap-no">
					<div class="elementor-column elementor-col-50 elementor-top-column elementor-element elementor-element-435fccae" data-id="435fccae" data-element_type="column">
			<div class="elementor-widget-wrap elementor-element-populated">
								<div class="elementor-element elementor-element-c409d6a elementor-widget elementor-widget-image" data-id="c409d6a" data-element_type="widget" data-widget_type="image.default">
				<div class="elementor-widget-container">
															<img decoding="async" loading="lazy" width="546" height="296" src="/wp-content/uploads/2020/12/Image-1-2.jpg" class="attachment-full size-full wp-image-438" alt="" />															</div>
				</div>
					</div>
		</div>
				<div class="elementor-column elementor-col-50 elementor-top-column elementor-element elementor-element-2e994a47" data-id="2e994a47" data-element_type="column">
			<div class="elementor-widget-wrap elementor-element-populated">
								<div class="elementor-element elementor-element-2091d400 elementor-widget elementor-widget-image" data-id="2091d400" data-element_type="widget" data-widget_type="image.default">
				<div class="elementor-widget-container">
															<img decoding="async" loading="lazy" width="546" height="296" src="/wp-content/uploads/2020/12/Image-2-2.jpg" class="attachment-full size-full wp-image-439" alt="" />															</div>
				</div>
					</div>
		</div>
							</div>
		</section>
				<section class="elementor-section elementor-top-section elementor-element elementor-element-29b91246 elementor-section-boxed elementor-section-height-default elementor-section-height-default" data-id="29b91246" data-element_type="section">
						<div class="elementor-container elementor-column-gap-no">
					<div class="elementor-column elementor-col-100 elementor-top-column elementor-element elementor-element-2542de3b" data-id="2542de3b" data-element_type="column">
			<div class="elementor-widget-wrap elementor-element-populated">
								<div class="elementor-element elementor-element-5f860483 elementor-widget elementor-widget-text-editor" data-id="5f860483" data-element_type="widget" data-widget_type="text-editor.default">
				<div class="elementor-widget-container">
							But I must explain to you how all this mistaken idea of denouncing pleasure and praising pain was born and I will give you a complete account of the system, and expound the actual teachings of the great explorer of the truth, the master-builder of human happiness simply dummy texts. Sed ut perspiciatis unde omnis iste natus error sit voluptatem accusantium doloremque laudantium, totam rem aperiam, eaque ipsa quae ab illo inventore veritatis et quasi architecto beatae vitae dicta sunt explicabo. Nemo enim ipsam voluptatem quia voluptas sit aspernatur aut odit aut fugit, sed quia consequuntur magni dolores eos qui ratione voluptatem sequi nesciunt. Neque porro quisquam est. sit amet, consectetur.						</div>
				</div>
					</div>
		</div>
							</div>
		</section>
							</div>
		]]></content:encoded>
					
					<wfw:commentRss>/the-other-hand-denounce-righteous/feed/</wfw:commentRss>
			<slash:comments>0</slash:comments>
		
		
			</item>
		<item>
		<title>At Vero Eos Et Accusamus Iust Odio</title>
		<link>/at-vero-eos-et-accusamus-iust-odio/</link>
					<comments>/at-vero-eos-et-accusamus-iust-odio/#respond</comments>
		
		<dc:creator><![CDATA[rukuncse@gmail.com]]></dc:creator>
		<pubDate>Tue, 07 Jul 2020 13:07:50 +0000</pubDate>
				<category><![CDATA[Auto Electronic]]></category>
		<category><![CDATA[Cell Phones]]></category>
		<category><![CDATA[Computer]]></category>
		<category><![CDATA[iPad & Tablets]]></category>
		<category><![CDATA[TVs & Video]]></category>
		<category><![CDATA[Apparels]]></category>
		<category><![CDATA[Ecommercsing]]></category>
		<category><![CDATA[Electronics]]></category>
		<category><![CDATA[Furniture]]></category>
		<category><![CDATA[Home]]></category>
		<category><![CDATA[Jewelleries]]></category>
		<category><![CDATA[Medical]]></category>
		<guid isPermaLink="false">https://xstore.8theme.com/elementor/demos/niche-market02/?p=890</guid>

					<description><![CDATA[These cases are perfectly simple and easy to distinguish. Into free hour, when our power of choice is untramelled]]></description>
										<content:encoded><![CDATA[		<div data-elementor-type="wp-post" data-elementor-id="890" class="elementor elementor-890">
									<section class="elementor-section elementor-top-section elementor-element elementor-element-5b8c656c elementor-section-boxed elementor-section-height-default elementor-section-height-default" data-id="5b8c656c" data-element_type="section">
						<div class="elementor-container elementor-column-gap-no">
					<div class="elementor-column elementor-col-100 elementor-top-column elementor-element elementor-element-285d6dc5" data-id="285d6dc5" data-element_type="column">
			<div class="elementor-widget-wrap elementor-element-populated">
								<div class="elementor-element elementor-element-302c372f elementor-widget elementor-widget-text-editor" data-id="302c372f" data-element_type="widget" data-widget_type="text-editor.default">
				<div class="elementor-widget-container">
							But I must explain to you how all this mistaken idea of denouncing pleasure and praising pain was born and I will give you a complete account of the system, and expound the actual teachings of the great explorer of the truth, the master-builder of human happiness simply dummy texts. Sed ut perspiciatis unde omnis iste natus error sit voluptatem accusantium doloremque laudantium, totam rem aperiam, eaque ipsa quae ab illo inventore veritatis et quasi architecto beatae vitae dicta sunt explicabo. Nemo enim ipsam voluptatem quia voluptas sit aspernatur aut odit aut fugit, sed quia consequuntur magni dolores eos qui ratione voluptatem sequi nesciunt. Neque porro quisquam est. sit amet, consectetur, adipisci velit, sed quia non numquam eius modi tempora incidunt ut labore et dolore magnam aliquam quaerat voluptatem. Ut enim ad minima veniam, quis nostrum exercitationem ullam corporis suscipit laboriosam, nisi ut aliquid ex ea commodi consequatur? Quis						</div>
				</div>
					</div>
		</div>
							</div>
		</section>
				<section class="elementor-section elementor-top-section elementor-element elementor-element-1313dcd9 elementor-section-boxed elementor-section-height-default elementor-section-height-default" data-id="1313dcd9" data-element_type="section">
						<div class="elementor-container elementor-column-gap-no">
					<div class="elementor-column elementor-col-100 elementor-top-column elementor-element elementor-element-318c9522" data-id="318c9522" data-element_type="column">
			<div class="elementor-widget-wrap elementor-element-populated">
								<div class="elementor-element elementor-element-2c93761e elementor-widget elementor-widget-text-editor" data-id="2c93761e" data-element_type="widget" data-widget_type="text-editor.default">
				<div class="elementor-widget-container">
							Sed ut perspiciatis unde omnis iste natus errors voluptatem accusantium doloree laudantium, totam remiam, eaque ipsa quae abings illo inventore veritatis et quasinl simply dummy text.						</div>
				</div>
					</div>
		</div>
							</div>
		</section>
				<section class="elementor-section elementor-top-section elementor-element elementor-element-77b34e67 elementor-section-boxed elementor-section-height-default elementor-section-height-default" data-id="77b34e67" data-element_type="section">
						<div class="elementor-container elementor-column-gap-no">
					<div class="elementor-column elementor-col-100 elementor-top-column elementor-element elementor-element-1d0af50d" data-id="1d0af50d" data-element_type="column">
			<div class="elementor-widget-wrap elementor-element-populated">
								<div class="elementor-element elementor-element-6734118 elementor-widget elementor-widget-text-editor" data-id="6734118" data-element_type="widget" data-widget_type="text-editor.default">
				<div class="elementor-widget-container">
							Sed ut perspiciatis unde omnis iste natus error voluptatem accusantium doloremque laudantium, totam rem aperiam, eaque ipsa quae ab illo inventore veritatis et quasi architecto beatae vitae dicta sunttings explicabo. Nemo enim ipsam voluptatem quia voluptas sittings aspernatur auting odit aut fugit, sed quia consequuntur magni dolores eos qui ratione. autem vel eum iure reprehenderit qui in ea voluptate velit esse quam nihil molestiae consequatur, vel illum qui dolorem eum fugiat quo voluptas nulla pariatur?&#8221;
						</div>
				</div>
					</div>
		</div>
							</div>
		</section>
				<section class="elementor-section elementor-top-section elementor-element elementor-element-315e1ad8 elementor-section-boxed elementor-section-height-default elementor-section-height-default" data-id="315e1ad8" data-element_type="section">
						<div class="elementor-container elementor-column-gap-no">
					<div class="elementor-column elementor-col-50 elementor-top-column elementor-element elementor-element-27e5c3bf" data-id="27e5c3bf" data-element_type="column">
			<div class="elementor-widget-wrap elementor-element-populated">
								<div class="elementor-element elementor-element-3d7860a6 elementor-widget elementor-widget-image" data-id="3d7860a6" data-element_type="widget" data-widget_type="image.default">
				<div class="elementor-widget-container">
															<img decoding="async" loading="lazy" width="546" height="296" src="/wp-content/uploads/2020/12/Image-1-2.jpg" class="attachment-full size-full wp-image-438" alt="" />															</div>
				</div>
					</div>
		</div>
				<div class="elementor-column elementor-col-50 elementor-top-column elementor-element elementor-element-44421037" data-id="44421037" data-element_type="column">
			<div class="elementor-widget-wrap elementor-element-populated">
								<div class="elementor-element elementor-element-189f9d8a elementor-widget elementor-widget-image" data-id="189f9d8a" data-element_type="widget" data-widget_type="image.default">
				<div class="elementor-widget-container">
															<img decoding="async" loading="lazy" width="546" height="296" src="/wp-content/uploads/2020/12/Image-2-2.jpg" class="attachment-full size-full wp-image-439" alt="" />															</div>
				</div>
					</div>
		</div>
							</div>
		</section>
				<section class="elementor-section elementor-top-section elementor-element elementor-element-6cc3bc28 elementor-section-boxed elementor-section-height-default elementor-section-height-default" data-id="6cc3bc28" data-element_type="section">
						<div class="elementor-container elementor-column-gap-no">
					<div class="elementor-column elementor-col-100 elementor-top-column elementor-element elementor-element-d69700e" data-id="d69700e" data-element_type="column">
			<div class="elementor-widget-wrap elementor-element-populated">
								<div class="elementor-element elementor-element-452e23b8 elementor-widget elementor-widget-text-editor" data-id="452e23b8" data-element_type="widget" data-widget_type="text-editor.default">
				<div class="elementor-widget-container">
							But I must explain to you how all this mistaken idea of denouncing pleasure and praising pain was born and I will give you a complete account of the system, and expound the actual teachings of the great explorer of the truth, the master-builder of human happiness simply dummy texts. Sed ut perspiciatis unde omnis iste natus error sit voluptatem accusantium doloremque laudantium, totam rem aperiam, eaque ipsa quae ab illo inventore veritatis et quasi architecto beatae vitae dicta sunt explicabo. Nemo enim ipsam voluptatem quia voluptas sit aspernatur aut odit aut fugit, sed quia consequuntur magni dolores eos qui ratione voluptatem sequi nesciunt. Neque porro quisquam est. sit amet, consectetur.						</div>
				</div>
					</div>
		</div>
							</div>
		</section>
							</div>
		]]></content:encoded>
					
					<wfw:commentRss>/at-vero-eos-et-accusamus-iust-odio/feed/</wfw:commentRss>
			<slash:comments>0</slash:comments>
		
		
			</item>
		<item>
		<title>There Are Many Variations Of Passages</title>
		<link>/there-are-many-variations-of-passages/</link>
					<comments>/there-are-many-variations-of-passages/#respond</comments>
		
		<dc:creator><![CDATA[rukuncse@gmail.com]]></dc:creator>
		<pubDate>Thu, 07 May 2020 13:11:26 +0000</pubDate>
				<category><![CDATA[Auto Electronic]]></category>
		<category><![CDATA[Cell Phones]]></category>
		<category><![CDATA[Computer]]></category>
		<category><![CDATA[Apparels]]></category>
		<category><![CDATA[Ecommercsing]]></category>
		<category><![CDATA[Electronics]]></category>
		<category><![CDATA[Furniture]]></category>
		<category><![CDATA[Home]]></category>
		<category><![CDATA[Jewelleries]]></category>
		<category><![CDATA[Medical]]></category>
		<guid isPermaLink="false">https://xstore.8theme.com/elementor/demos/niche-market02/?p=893</guid>

					<description><![CDATA[Sed ut perspiciatis unde omnis iste natus error sit voluptate accusantium doloremque laudantium, totam ]]></description>
										<content:encoded><![CDATA[		<div data-elementor-type="wp-post" data-elementor-id="893" class="elementor elementor-893">
									<section class="elementor-section elementor-top-section elementor-element elementor-element-57c796c2 elementor-section-boxed elementor-section-height-default elementor-section-height-default" data-id="57c796c2" data-element_type="section">
						<div class="elementor-container elementor-column-gap-no">
					<div class="elementor-column elementor-col-100 elementor-top-column elementor-element elementor-element-48ca69b2" data-id="48ca69b2" data-element_type="column">
			<div class="elementor-widget-wrap elementor-element-populated">
								<div class="elementor-element elementor-element-6fe53b1f elementor-widget elementor-widget-text-editor" data-id="6fe53b1f" data-element_type="widget" data-widget_type="text-editor.default">
				<div class="elementor-widget-container">
							But I must explain to you how all this mistaken idea of denouncing pleasure and praising pain was born and I will give you a complete account of the system, and expound the actual teachings of the great explorer of the truth, the master-builder of human happiness simply dummy texts. Sed ut perspiciatis unde omnis iste natus error sit voluptatem accusantium doloremque laudantium, totam rem aperiam, eaque ipsa quae ab illo inventore veritatis et quasi architecto beatae vitae dicta sunt explicabo. Nemo enim ipsam voluptatem quia voluptas sit aspernatur aut odit aut fugit, sed quia consequuntur magni dolores eos qui ratione voluptatem sequi nesciunt. Neque porro quisquam est. sit amet, consectetur, adipisci velit, sed quia non numquam eius modi tempora incidunt ut labore et dolore magnam aliquam quaerat voluptatem. Ut enim ad minima veniam, quis nostrum exercitationem ullam corporis suscipit laboriosam, nisi ut aliquid ex ea commodi consequatur? Quis						</div>
				</div>
					</div>
		</div>
							</div>
		</section>
				<section class="elementor-section elementor-top-section elementor-element elementor-element-1361539a elementor-section-boxed elementor-section-height-default elementor-section-height-default" data-id="1361539a" data-element_type="section">
						<div class="elementor-container elementor-column-gap-no">
					<div class="elementor-column elementor-col-100 elementor-top-column elementor-element elementor-element-3aa8a701" data-id="3aa8a701" data-element_type="column">
			<div class="elementor-widget-wrap elementor-element-populated">
								<div class="elementor-element elementor-element-25e02499 elementor-widget elementor-widget-text-editor" data-id="25e02499" data-element_type="widget" data-widget_type="text-editor.default">
				<div class="elementor-widget-container">
							Sed ut perspiciatis unde omnis iste natus errors voluptatem accusantium doloree laudantium, totam remiam, eaque ipsa quae abings illo inventore veritatis et quasinl simply dummy text.						</div>
				</div>
					</div>
		</div>
							</div>
		</section>
				<section class="elementor-section elementor-top-section elementor-element elementor-element-44015f52 elementor-section-boxed elementor-section-height-default elementor-section-height-default" data-id="44015f52" data-element_type="section">
						<div class="elementor-container elementor-column-gap-no">
					<div class="elementor-column elementor-col-100 elementor-top-column elementor-element elementor-element-4ac627f1" data-id="4ac627f1" data-element_type="column">
			<div class="elementor-widget-wrap elementor-element-populated">
								<div class="elementor-element elementor-element-1fe6863 elementor-widget elementor-widget-text-editor" data-id="1fe6863" data-element_type="widget" data-widget_type="text-editor.default">
				<div class="elementor-widget-container">
							Sed ut perspiciatis unde omnis iste natus error voluptatem accusantium doloremque laudantium, totam rem aperiam, eaque ipsa quae ab illo inventore veritatis et quasi architecto beatae vitae dicta sunttings explicabo. Nemo enim ipsam voluptatem quia voluptas sittings aspernatur auting odit aut fugit, sed quia consequuntur magni dolores eos qui ratione. autem vel eum iure reprehenderit qui in ea voluptate velit esse quam nihil molestiae consequatur, vel illum qui dolorem eum fugiat quo voluptas nulla pariatur?&#8221;
						</div>
				</div>
					</div>
		</div>
							</div>
		</section>
				<section class="elementor-section elementor-top-section elementor-element elementor-element-29aacd70 elementor-section-boxed elementor-section-height-default elementor-section-height-default" data-id="29aacd70" data-element_type="section">
						<div class="elementor-container elementor-column-gap-no">
					<div class="elementor-column elementor-col-50 elementor-top-column elementor-element elementor-element-3c3a6751" data-id="3c3a6751" data-element_type="column">
			<div class="elementor-widget-wrap elementor-element-populated">
								<div class="elementor-element elementor-element-71f0612b elementor-widget elementor-widget-image" data-id="71f0612b" data-element_type="widget" data-widget_type="image.default">
				<div class="elementor-widget-container">
															<img decoding="async" loading="lazy" width="546" height="296" src="/wp-content/uploads/2020/12/Image-1-2.jpg" class="attachment-full size-full wp-image-438" alt="" />															</div>
				</div>
					</div>
		</div>
				<div class="elementor-column elementor-col-50 elementor-top-column elementor-element elementor-element-631bfe2f" data-id="631bfe2f" data-element_type="column">
			<div class="elementor-widget-wrap elementor-element-populated">
								<div class="elementor-element elementor-element-7fd7c2ac elementor-widget elementor-widget-image" data-id="7fd7c2ac" data-element_type="widget" data-widget_type="image.default">
				<div class="elementor-widget-container">
															<img decoding="async" loading="lazy" width="546" height="296" src="/wp-content/uploads/2020/12/Image-2-2.jpg" class="attachment-full size-full wp-image-439" alt="" />															</div>
				</div>
					</div>
		</div>
							</div>
		</section>
				<section class="elementor-section elementor-top-section elementor-element elementor-element-6f6e33d1 elementor-section-boxed elementor-section-height-default elementor-section-height-default" data-id="6f6e33d1" data-element_type="section">
						<div class="elementor-container elementor-column-gap-no">
					<div class="elementor-column elementor-col-100 elementor-top-column elementor-element elementor-element-36e06d66" data-id="36e06d66" data-element_type="column">
			<div class="elementor-widget-wrap elementor-element-populated">
								<div class="elementor-element elementor-element-2de00310 elementor-widget elementor-widget-text-editor" data-id="2de00310" data-element_type="widget" data-widget_type="text-editor.default">
				<div class="elementor-widget-container">
							But I must explain to you how all this mistaken idea of denouncing pleasure and praising pain was born and I will give you a complete account of the system, and expound the actual teachings of the great explorer of the truth, the master-builder of human happiness simply dummy texts. Sed ut perspiciatis unde omnis iste natus error sit voluptatem accusantium doloremque laudantium, totam rem aperiam, eaque ipsa quae ab illo inventore veritatis et quasi architecto beatae vitae dicta sunt explicabo. Nemo enim ipsam voluptatem quia voluptas sit aspernatur aut odit aut fugit, sed quia consequuntur magni dolores eos qui ratione voluptatem sequi nesciunt. Neque porro quisquam est. sit amet, consectetur.						</div>
				</div>
					</div>
		</div>
							</div>
		</section>
							</div>
		]]></content:encoded>
					
					<wfw:commentRss>/there-are-many-variations-of-passages/feed/</wfw:commentRss>
			<slash:comments>0</slash:comments>
		
		
			</item>
		<item>
		<title>Namlibe Tempore, Cumsoluta Nobis</title>
		<link>/namlibe-tempore-cumsoluta-nobis/</link>
					<comments>/namlibe-tempore-cumsoluta-nobis/#respond</comments>
		
		<dc:creator><![CDATA[rukuncse@gmail.com]]></dc:creator>
		<pubDate>Tue, 07 Apr 2020 13:10:03 +0000</pubDate>
				<category><![CDATA[Auto Electronic]]></category>
		<category><![CDATA[Cell Phones]]></category>
		<category><![CDATA[Home Appliance]]></category>
		<category><![CDATA[Apparels]]></category>
		<category><![CDATA[Computer]]></category>
		<category><![CDATA[Ecommercsing]]></category>
		<category><![CDATA[Electronics]]></category>
		<category><![CDATA[Furniture]]></category>
		<category><![CDATA[Home]]></category>
		<category><![CDATA[Jewelleries]]></category>
		<category><![CDATA[Medical]]></category>
		<guid isPermaLink="false">https://xstore.8theme.com/elementor/demos/niche-market02/?p=892</guid>

					<description><![CDATA[But I must explain to you how all this mistaken idea of denou pleasure and praising pain was born and I will]]></description>
										<content:encoded><![CDATA[		<div data-elementor-type="wp-post" data-elementor-id="892" class="elementor elementor-892">
									<section class="elementor-section elementor-top-section elementor-element elementor-element-20b13caf elementor-section-boxed elementor-section-height-default elementor-section-height-default" data-id="20b13caf" data-element_type="section">
						<div class="elementor-container elementor-column-gap-no">
					<div class="elementor-column elementor-col-100 elementor-top-column elementor-element elementor-element-77ea5a1a" data-id="77ea5a1a" data-element_type="column">
			<div class="elementor-widget-wrap elementor-element-populated">
								<div class="elementor-element elementor-element-471e164f elementor-widget elementor-widget-text-editor" data-id="471e164f" data-element_type="widget" data-widget_type="text-editor.default">
				<div class="elementor-widget-container">
							But I must explain to you how all this mistaken idea of denouncing pleasure and praising pain was born and I will give you a complete account of the system, and expound the actual teachings of the great explorer of the truth, the master-builder of human happiness simply dummy texts. Sed ut perspiciatis unde omnis iste natus error sit voluptatem accusantium doloremque laudantium, totam rem aperiam, eaque ipsa quae ab illo inventore veritatis et quasi architecto beatae vitae dicta sunt explicabo. Nemo enim ipsam voluptatem quia voluptas sit aspernatur aut odit aut fugit, sed quia consequuntur magni dolores eos qui ratione voluptatem sequi nesciunt. Neque porro quisquam est. sit amet, consectetur, adipisci velit, sed quia non numquam eius modi tempora incidunt ut labore et dolore magnam aliquam quaerat voluptatem. Ut enim ad minima veniam, quis nostrum exercitationem ullam corporis suscipit laboriosam, nisi ut aliquid ex ea commodi consequatur? Quis						</div>
				</div>
					</div>
		</div>
							</div>
		</section>
				<section class="elementor-section elementor-top-section elementor-element elementor-element-4ca48d43 elementor-section-boxed elementor-section-height-default elementor-section-height-default" data-id="4ca48d43" data-element_type="section">
						<div class="elementor-container elementor-column-gap-no">
					<div class="elementor-column elementor-col-100 elementor-top-column elementor-element elementor-element-419e1881" data-id="419e1881" data-element_type="column">
			<div class="elementor-widget-wrap elementor-element-populated">
								<div class="elementor-element elementor-element-be8cec1 elementor-widget elementor-widget-text-editor" data-id="be8cec1" data-element_type="widget" data-widget_type="text-editor.default">
				<div class="elementor-widget-container">
							Sed ut perspiciatis unde omnis iste natus errors voluptatem accusantium doloree laudantium, totam remiam, eaque ipsa quae abings illo inventore veritatis et quasinl simply dummy text.						</div>
				</div>
					</div>
		</div>
							</div>
		</section>
				<section class="elementor-section elementor-top-section elementor-element elementor-element-39e6208 elementor-section-boxed elementor-section-height-default elementor-section-height-default" data-id="39e6208" data-element_type="section">
						<div class="elementor-container elementor-column-gap-no">
					<div class="elementor-column elementor-col-100 elementor-top-column elementor-element elementor-element-276efacd" data-id="276efacd" data-element_type="column">
			<div class="elementor-widget-wrap elementor-element-populated">
								<div class="elementor-element elementor-element-2082084f elementor-widget elementor-widget-text-editor" data-id="2082084f" data-element_type="widget" data-widget_type="text-editor.default">
				<div class="elementor-widget-container">
							Sed ut perspiciatis unde omnis iste natus error voluptatem accusantium doloremque laudantium, totam rem aperiam, eaque ipsa quae ab illo inventore veritatis et quasi architecto beatae vitae dicta sunttings explicabo. Nemo enim ipsam voluptatem quia voluptas sittings aspernatur auting odit aut fugit, sed quia consequuntur magni dolores eos qui ratione. autem vel eum iure reprehenderit qui in ea voluptate velit esse quam nihil molestiae consequatur, vel illum qui dolorem eum fugiat quo voluptas nulla pariatur?&#8221;
						</div>
				</div>
					</div>
		</div>
							</div>
		</section>
				<section class="elementor-section elementor-top-section elementor-element elementor-element-7268a04e elementor-section-boxed elementor-section-height-default elementor-section-height-default" data-id="7268a04e" data-element_type="section">
						<div class="elementor-container elementor-column-gap-no">
					<div class="elementor-column elementor-col-50 elementor-top-column elementor-element elementor-element-62e15a92" data-id="62e15a92" data-element_type="column">
			<div class="elementor-widget-wrap elementor-element-populated">
								<div class="elementor-element elementor-element-41d131d3 elementor-widget elementor-widget-image" data-id="41d131d3" data-element_type="widget" data-widget_type="image.default">
				<div class="elementor-widget-container">
															<img decoding="async" loading="lazy" width="546" height="296" src="/wp-content/uploads/2020/12/Image-1-2.jpg" class="attachment-full size-full wp-image-438" alt="" />															</div>
				</div>
					</div>
		</div>
				<div class="elementor-column elementor-col-50 elementor-top-column elementor-element elementor-element-c23564f" data-id="c23564f" data-element_type="column">
			<div class="elementor-widget-wrap elementor-element-populated">
								<div class="elementor-element elementor-element-5a7fc6d0 elementor-widget elementor-widget-image" data-id="5a7fc6d0" data-element_type="widget" data-widget_type="image.default">
				<div class="elementor-widget-container">
															<img decoding="async" loading="lazy" width="546" height="296" src="/wp-content/uploads/2020/12/Image-2-2.jpg" class="attachment-full size-full wp-image-439" alt="" />															</div>
				</div>
					</div>
		</div>
							</div>
		</section>
				<section class="elementor-section elementor-top-section elementor-element elementor-element-3dd487dd elementor-section-boxed elementor-section-height-default elementor-section-height-default" data-id="3dd487dd" data-element_type="section">
						<div class="elementor-container elementor-column-gap-no">
					<div class="elementor-column elementor-col-100 elementor-top-column elementor-element elementor-element-4c7adccf" data-id="4c7adccf" data-element_type="column">
			<div class="elementor-widget-wrap elementor-element-populated">
								<div class="elementor-element elementor-element-3b94555 elementor-widget elementor-widget-text-editor" data-id="3b94555" data-element_type="widget" data-widget_type="text-editor.default">
				<div class="elementor-widget-container">
							But I must explain to you how all this mistaken idea of denouncing pleasure and praising pain was born and I will give you a complete account of the system, and expound the actual teachings of the great explorer of the truth, the master-builder of human happiness simply dummy texts. Sed ut perspiciatis unde omnis iste natus error sit voluptatem accusantium doloremque laudantium, totam rem aperiam, eaque ipsa quae ab illo inventore veritatis et quasi architecto beatae vitae dicta sunt explicabo. Nemo enim ipsam voluptatem quia voluptas sit aspernatur aut odit aut fugit, sed quia consequuntur magni dolores eos qui ratione voluptatem sequi nesciunt. Neque porro quisquam est. sit amet, consectetur.						</div>
				</div>
					</div>
		</div>
							</div>
		</section>
							</div>
		]]></content:encoded>
					
					<wfw:commentRss>/namlibe-tempore-cumsoluta-nobis/feed/</wfw:commentRss>
			<slash:comments>0</slash:comments>
		
		
			</item>
		<item>
		<title>Latin Words Combined With Models</title>
		<link>/latin-words-combined-with-models/</link>
					<comments>/latin-words-combined-with-models/#respond</comments>
		
		<dc:creator><![CDATA[rukuncse@gmail.com]]></dc:creator>
		<pubDate>Sat, 07 Mar 2020 13:12:18 +0000</pubDate>
				<category><![CDATA[Auto Electronic]]></category>
		<category><![CDATA[Cell Phones]]></category>
		<category><![CDATA[Computer]]></category>
		<category><![CDATA[Apparels]]></category>
		<category><![CDATA[Ecommercsing]]></category>
		<category><![CDATA[Electronics]]></category>
		<category><![CDATA[Furniture]]></category>
		<category><![CDATA[Home]]></category>
		<category><![CDATA[Jewelleries]]></category>
		<category><![CDATA[Medical]]></category>
		<guid isPermaLink="false">https://xstore.8theme.com/elementor/demos/niche-market02/?p=894</guid>

					<description><![CDATA[Lorem ipsum dolor sit amet, consectetur adipiscing elitsed do eiusmod tempor incididunt ut labore et dolore ]]></description>
										<content:encoded><![CDATA[		<div data-elementor-type="wp-post" data-elementor-id="894" class="elementor elementor-894">
									<section class="elementor-section elementor-top-section elementor-element elementor-element-40d26db4 elementor-section-boxed elementor-section-height-default elementor-section-height-default" data-id="40d26db4" data-element_type="section">
						<div class="elementor-container elementor-column-gap-no">
					<div class="elementor-column elementor-col-100 elementor-top-column elementor-element elementor-element-1b6348ed" data-id="1b6348ed" data-element_type="column">
			<div class="elementor-widget-wrap elementor-element-populated">
								<div class="elementor-element elementor-element-2724f651 elementor-widget elementor-widget-text-editor" data-id="2724f651" data-element_type="widget" data-widget_type="text-editor.default">
				<div class="elementor-widget-container">
							But I must explain to you how all this mistaken idea of denouncing pleasure and praising pain was born and I will give you a complete account of the system, and expound the actual teachings of the great explorer of the truth, the master-builder of human happiness simply dummy texts. Sed ut perspiciatis unde omnis iste natus error sit voluptatem accusantium doloremque laudantium, totam rem aperiam, eaque ipsa quae ab illo inventore veritatis et quasi architecto beatae vitae dicta sunt explicabo. Nemo enim ipsam voluptatem quia voluptas sit aspernatur aut odit aut fugit, sed quia consequuntur magni dolores eos qui ratione voluptatem sequi nesciunt. Neque porro quisquam est. sit amet, consectetur, adipisci velit, sed quia non numquam eius modi tempora incidunt ut labore et dolore magnam aliquam quaerat voluptatem. Ut enim ad minima veniam, quis nostrum exercitationem ullam corporis suscipit laboriosam, nisi ut aliquid ex ea commodi consequatur? Quis						</div>
				</div>
					</div>
		</div>
							</div>
		</section>
				<section class="elementor-section elementor-top-section elementor-element elementor-element-53476c9c elementor-section-boxed elementor-section-height-default elementor-section-height-default" data-id="53476c9c" data-element_type="section">
						<div class="elementor-container elementor-column-gap-no">
					<div class="elementor-column elementor-col-100 elementor-top-column elementor-element elementor-element-41f1c712" data-id="41f1c712" data-element_type="column">
			<div class="elementor-widget-wrap elementor-element-populated">
								<div class="elementor-element elementor-element-2746a281 elementor-widget elementor-widget-text-editor" data-id="2746a281" data-element_type="widget" data-widget_type="text-editor.default">
				<div class="elementor-widget-container">
							Sed ut perspiciatis unde omnis iste natus errors voluptatem accusantium doloree laudantium, totam remiam, eaque ipsa quae abings illo inventore veritatis et quasinl simply dummy text.						</div>
				</div>
					</div>
		</div>
							</div>
		</section>
				<section class="elementor-section elementor-top-section elementor-element elementor-element-1579d627 elementor-section-boxed elementor-section-height-default elementor-section-height-default" data-id="1579d627" data-element_type="section">
						<div class="elementor-container elementor-column-gap-no">
					<div class="elementor-column elementor-col-100 elementor-top-column elementor-element elementor-element-18e79f16" data-id="18e79f16" data-element_type="column">
			<div class="elementor-widget-wrap elementor-element-populated">
								<div class="elementor-element elementor-element-638c4af2 elementor-widget elementor-widget-text-editor" data-id="638c4af2" data-element_type="widget" data-widget_type="text-editor.default">
				<div class="elementor-widget-container">
							Sed ut perspiciatis unde omnis iste natus error voluptatem accusantium doloremque laudantium, totam rem aperiam, eaque ipsa quae ab illo inventore veritatis et quasi architecto beatae vitae dicta sunttings explicabo. Nemo enim ipsam voluptatem quia voluptas sittings aspernatur auting odit aut fugit, sed quia consequuntur magni dolores eos qui ratione. autem vel eum iure reprehenderit qui in ea voluptate velit esse quam nihil molestiae consequatur, vel illum qui dolorem eum fugiat quo voluptas nulla pariatur?&#8221;
						</div>
				</div>
					</div>
		</div>
							</div>
		</section>
				<section class="elementor-section elementor-top-section elementor-element elementor-element-6c248e9d elementor-section-boxed elementor-section-height-default elementor-section-height-default" data-id="6c248e9d" data-element_type="section">
						<div class="elementor-container elementor-column-gap-no">
					<div class="elementor-column elementor-col-50 elementor-top-column elementor-element elementor-element-46ebb4a5" data-id="46ebb4a5" data-element_type="column">
			<div class="elementor-widget-wrap elementor-element-populated">
								<div class="elementor-element elementor-element-d4bfc40 elementor-widget elementor-widget-image" data-id="d4bfc40" data-element_type="widget" data-widget_type="image.default">
				<div class="elementor-widget-container">
															<img decoding="async" loading="lazy" width="546" height="296" src="/wp-content/uploads/2020/12/Image-1-2.jpg" class="attachment-full size-full wp-image-438" alt="" />															</div>
				</div>
					</div>
		</div>
				<div class="elementor-column elementor-col-50 elementor-top-column elementor-element elementor-element-739d8c0a" data-id="739d8c0a" data-element_type="column">
			<div class="elementor-widget-wrap elementor-element-populated">
								<div class="elementor-element elementor-element-43c55db1 elementor-widget elementor-widget-image" data-id="43c55db1" data-element_type="widget" data-widget_type="image.default">
				<div class="elementor-widget-container">
															<img decoding="async" loading="lazy" width="546" height="296" src="/wp-content/uploads/2020/12/Image-2-2.jpg" class="attachment-full size-full wp-image-439" alt="" />															</div>
				</div>
					</div>
		</div>
							</div>
		</section>
				<section class="elementor-section elementor-top-section elementor-element elementor-element-6a7c4a14 elementor-section-boxed elementor-section-height-default elementor-section-height-default" data-id="6a7c4a14" data-element_type="section">
						<div class="elementor-container elementor-column-gap-no">
					<div class="elementor-column elementor-col-100 elementor-top-column elementor-element elementor-element-20571bc7" data-id="20571bc7" data-element_type="column">
			<div class="elementor-widget-wrap elementor-element-populated">
								<div class="elementor-element elementor-element-30de34e6 elementor-widget elementor-widget-text-editor" data-id="30de34e6" data-element_type="widget" data-widget_type="text-editor.default">
				<div class="elementor-widget-container">
							But I must explain to you how all this mistaken idea of denouncing pleasure and praising pain was born and I will give you a complete account of the system, and expound the actual teachings of the great explorer of the truth, the master-builder of human happiness simply dummy texts. Sed ut perspiciatis unde omnis iste natus error sit voluptatem accusantium doloremque laudantium, totam rem aperiam, eaque ipsa quae ab illo inventore veritatis et quasi architecto beatae vitae dicta sunt explicabo. Nemo enim ipsam voluptatem quia voluptas sit aspernatur aut odit aut fugit, sed quia consequuntur magni dolores eos qui ratione voluptatem sequi nesciunt. Neque porro quisquam est. sit amet, consectetur.						</div>
				</div>
					</div>
		</div>
							</div>
		</section>
							</div>
		]]></content:encoded>
					
					<wfw:commentRss>/latin-words-combined-with-models/feed/</wfw:commentRss>
			<slash:comments>0</slash:comments>
		
		
			</item>
		<item>
		<title>The Standard Lorem Ipsum Passage</title>
		<link>/the-standard-lorem-ipsum-passage/</link>
					<comments>/the-standard-lorem-ipsum-passage/#respond</comments>
		
		<dc:creator><![CDATA[rukuncse@gmail.com]]></dc:creator>
		<pubDate>Tue, 07 Jan 2020 13:05:16 +0000</pubDate>
				<category><![CDATA[Auto Electronic]]></category>
		<category><![CDATA[Cell Phones]]></category>
		<category><![CDATA[Computer]]></category>
		<category><![CDATA[Apparels]]></category>
		<category><![CDATA[Ecommercsing]]></category>
		<category><![CDATA[Electronics]]></category>
		<category><![CDATA[Furniture]]></category>
		<category><![CDATA[Home]]></category>
		<category><![CDATA[Jewelleries]]></category>
		<category><![CDATA[Medical]]></category>
		<guid isPermaLink="false">https://xstore.8theme.com/elementor/demos/niche-market02/?p=887</guid>

					<description><![CDATA[Sed ut perspiciatis unde omnis iste natus to error voluptatem accusantium doloremque laudantiumng]]></description>
										<content:encoded><![CDATA[		<div data-elementor-type="wp-post" data-elementor-id="887" class="elementor elementor-887">
									<section class="elementor-section elementor-top-section elementor-element elementor-element-45dabfe3 elementor-section-boxed elementor-section-height-default elementor-section-height-default" data-id="45dabfe3" data-element_type="section">
						<div class="elementor-container elementor-column-gap-no">
					<div class="elementor-column elementor-col-100 elementor-top-column elementor-element elementor-element-5292ab12" data-id="5292ab12" data-element_type="column">
			<div class="elementor-widget-wrap elementor-element-populated">
								<div class="elementor-element elementor-element-57574d1b elementor-widget elementor-widget-text-editor" data-id="57574d1b" data-element_type="widget" data-widget_type="text-editor.default">
				<div class="elementor-widget-container">
							But I must explain to you how all this mistaken idea of denouncing pleasure and praising pain was born and I will give you a complete account of the system, and expound the actual teachings of the great explorer of the truth, the master-builder of human happiness simply dummy texts. Sed ut perspiciatis unde omnis iste natus error sit voluptatem accusantium doloremque laudantium, totam rem aperiam, eaque ipsa quae ab illo inventore veritatis et quasi architecto beatae vitae dicta sunt explicabo. Nemo enim ipsam voluptatem quia voluptas sit aspernatur aut odit aut fugit, sed quia consequuntur magni dolores eos qui ratione voluptatem sequi nesciunt. Neque porro quisquam est. sit amet, consectetur, adipisci velit, sed quia non numquam eius modi tempora incidunt ut labore et dolore magnam aliquam quaerat voluptatem. Ut enim ad minima veniam, quis nostrum exercitationem ullam corporis suscipit laboriosam, nisi ut aliquid ex ea commodi consequatur? Quis						</div>
				</div>
					</div>
		</div>
							</div>
		</section>
				<section class="elementor-section elementor-top-section elementor-element elementor-element-5ecfa9ac elementor-section-boxed elementor-section-height-default elementor-section-height-default" data-id="5ecfa9ac" data-element_type="section">
						<div class="elementor-container elementor-column-gap-no">
					<div class="elementor-column elementor-col-100 elementor-top-column elementor-element elementor-element-23a2b4d4" data-id="23a2b4d4" data-element_type="column">
			<div class="elementor-widget-wrap elementor-element-populated">
								<div class="elementor-element elementor-element-71e5edbc elementor-widget elementor-widget-text-editor" data-id="71e5edbc" data-element_type="widget" data-widget_type="text-editor.default">
				<div class="elementor-widget-container">
							Sed ut perspiciatis unde omnis iste natus errors voluptatem accusantium doloree laudantium, totam remiam, eaque ipsa quae abings illo inventore veritatis et quasinl simply dummy text.						</div>
				</div>
					</div>
		</div>
							</div>
		</section>
				<section class="elementor-section elementor-top-section elementor-element elementor-element-9cc7665 elementor-section-boxed elementor-section-height-default elementor-section-height-default" data-id="9cc7665" data-element_type="section">
						<div class="elementor-container elementor-column-gap-no">
					<div class="elementor-column elementor-col-100 elementor-top-column elementor-element elementor-element-5c54b87f" data-id="5c54b87f" data-element_type="column">
			<div class="elementor-widget-wrap elementor-element-populated">
								<div class="elementor-element elementor-element-40bf436a elementor-widget elementor-widget-text-editor" data-id="40bf436a" data-element_type="widget" data-widget_type="text-editor.default">
				<div class="elementor-widget-container">
							Sed ut perspiciatis unde omnis iste natus error voluptatem accusantium doloremque laudantium, totam rem aperiam, eaque ipsa quae ab illo inventore veritatis et quasi architecto beatae vitae dicta sunttings explicabo. Nemo enim ipsam voluptatem quia voluptas sittings aspernatur auting odit aut fugit, sed quia consequuntur magni dolores eos qui ratione. autem vel eum iure reprehenderit qui in ea voluptate velit esse quam nihil molestiae consequatur, vel illum qui dolorem eum fugiat quo voluptas nulla pariatur?&#8221;
						</div>
				</div>
					</div>
		</div>
							</div>
		</section>
				<section class="elementor-section elementor-top-section elementor-element elementor-element-35b263fc elementor-section-boxed elementor-section-height-default elementor-section-height-default" data-id="35b263fc" data-element_type="section">
						<div class="elementor-container elementor-column-gap-no">
					<div class="elementor-column elementor-col-50 elementor-top-column elementor-element elementor-element-11285c13" data-id="11285c13" data-element_type="column">
			<div class="elementor-widget-wrap elementor-element-populated">
								<div class="elementor-element elementor-element-25ad5bcb elementor-widget elementor-widget-image" data-id="25ad5bcb" data-element_type="widget" data-widget_type="image.default">
				<div class="elementor-widget-container">
															<img decoding="async" loading="lazy" width="546" height="296" src="/wp-content/uploads/2020/12/Image-1-2.jpg" class="attachment-full size-full wp-image-438" alt="" />															</div>
				</div>
					</div>
		</div>
				<div class="elementor-column elementor-col-50 elementor-top-column elementor-element elementor-element-5e2fb153" data-id="5e2fb153" data-element_type="column">
			<div class="elementor-widget-wrap elementor-element-populated">
								<div class="elementor-element elementor-element-6db8962e elementor-widget elementor-widget-image" data-id="6db8962e" data-element_type="widget" data-widget_type="image.default">
				<div class="elementor-widget-container">
															<img decoding="async" loading="lazy" width="546" height="296" src="/wp-content/uploads/2020/12/Image-2-2.jpg" class="attachment-full size-full wp-image-439" alt="" />															</div>
				</div>
					</div>
		</div>
							</div>
		</section>
				<section class="elementor-section elementor-top-section elementor-element elementor-element-48a8d0a2 elementor-section-boxed elementor-section-height-default elementor-section-height-default" data-id="48a8d0a2" data-element_type="section">
						<div class="elementor-container elementor-column-gap-no">
					<div class="elementor-column elementor-col-100 elementor-top-column elementor-element elementor-element-57f64224" data-id="57f64224" data-element_type="column">
			<div class="elementor-widget-wrap elementor-element-populated">
								<div class="elementor-element elementor-element-49eb3aa2 elementor-widget elementor-widget-text-editor" data-id="49eb3aa2" data-element_type="widget" data-widget_type="text-editor.default">
				<div class="elementor-widget-container">
							But I must explain to you how all this mistaken idea of denouncing pleasure and praising pain was born and I will give you a complete account of the system, and expound the actual teachings of the great explorer of the truth, the master-builder of human happiness simply dummy texts. Sed ut perspiciatis unde omnis iste natus error sit voluptatem accusantium doloremque laudantium, totam rem aperiam, eaque ipsa quae ab illo inventore veritatis et quasi architecto beatae vitae dicta sunt explicabo. Nemo enim ipsam voluptatem quia voluptas sit aspernatur aut odit aut fugit, sed quia consequuntur magni dolores eos qui ratione voluptatem sequi nesciunt. Neque porro quisquam est. sit amet, consectetur.						</div>
				</div>
					</div>
		</div>
							</div>
		</section>
							</div>
		]]></content:encoded>
					
					<wfw:commentRss>/the-standard-lorem-ipsum-passage/feed/</wfw:commentRss>
			<slash:comments>0</slash:comments>
		
		
			</item>
	</channel>
</rss>
