<?xml version="1.0" encoding="UTF-8"?><rss version="2.0"
	xmlns:content="http://purl.org/rss/1.0/modules/content/"
	xmlns:wfw="http://wellformedweb.org/CommentAPI/"
	xmlns:dc="http://purl.org/dc/elements/1.1/"
	xmlns:atom="http://www.w3.org/2005/Atom"
	xmlns:sy="http://purl.org/rss/1.0/modules/syndication/"
	xmlns:slash="http://purl.org/rss/1.0/modules/slash/"
	>

<channel>
	<title>Sunshi &#8211; My WordPress</title>
	<atom:link href="/brand/sunshi/feed/" rel="self" type="application/rss+xml" />
	<link>/</link>
	<description></description>
	<lastBuildDate>Sun, 10 Sep 2023 20:34:39 +0000</lastBuildDate>
	<language>en-US</language>
	<sy:updatePeriod>
	hourly	</sy:updatePeriod>
	<sy:updateFrequency>
	1	</sy:updateFrequency>
	
	<item>
		<title>Xanna Note</title>
		<link>/product/xanna-note/</link>
					<comments>/product/xanna-note/#comments</comments>
		
		<dc:creator><![CDATA[rukuncse@gmail.com]]></dc:creator>
		<pubDate>Tue, 08 Dec 2020 09:22:46 +0000</pubDate>
				<guid isPermaLink="false">https://xstore.8theme.com/elementor/demos/niche-market02/?post_type=product&#038;p=1085</guid>

					<description><![CDATA[<p style="text-transform: capitalize;">Uses a dictionary of over combined wth a handful of model sentence structures, to generatein lorem Isum which looks reasonable.</p>
<span style="color: #999999; text-transform: capitalize;"><i class="et-icon et-tick" style="margin-right: 10px;"></i> DPI Selection:2600/2000/1600/1200</span>
<span style="color: #999999; text-transform: capitalize;"><i class="et-icon et-tick" style="margin-right: 10px;"></i> Connect Directly To Suspension</span>]]></description>
										<content:encoded><![CDATA[		<div data-elementor-type="wp-post" data-elementor-id="1085" class="elementor elementor-1085">
									<section class="elementor-section elementor-top-section elementor-element elementor-element-69b44582 elementor-section-boxed elementor-section-height-default elementor-section-height-default" data-id="69b44582" data-element_type="section">
						<div class="elementor-container elementor-column-gap-no">
					<div class="elementor-column elementor-col-100 elementor-top-column elementor-element elementor-element-5c5db240" data-id="5c5db240" data-element_type="column">
			<div class="elementor-widget-wrap elementor-element-populated">
								<div class="elementor-element elementor-element-29f222b elementor-widget elementor-widget-text-editor" data-id="29f222b" data-element_type="widget" data-widget_type="text-editor.default">
				<div class="elementor-widget-container">
			<style>/*! elementor - v3.16.0 - 09-10-2023 */
.elementor-widget-text-editor.elementor-drop-cap-view-stacked .elementor-drop-cap{background-color:#69727d;color:#fff}.elementor-widget-text-editor.elementor-drop-cap-view-framed .elementor-drop-cap{color:#69727d;border:3px solid;background-color:transparent}.elementor-widget-text-editor:not(.elementor-drop-cap-view-default) .elementor-drop-cap{margin-top:8px}.elementor-widget-text-editor:not(.elementor-drop-cap-view-default) .elementor-drop-cap-letter{width:1em;height:1em}.elementor-widget-text-editor .elementor-drop-cap{float:left;text-align:center;line-height:1;font-size:50px}.elementor-widget-text-editor .elementor-drop-cap-letter{display:inline-block}</style>				There are many variations of passages of Lorem Ipsum available, but the majority have suffered alteration in some form, by injected humour, or randomised words which don&#8217;t look even slightly believable. If you are going to use a passage of Lorem Ipsum, you need to be sure anything embarrassing. Suspendisse etiam a suspendisse urna vitae natoque ut a ante vestibulum.
Quis commodo consequat feugiat sapien ut tempor laoreet a suspendisse arcu parturient proin nulla tortor inceptos elementum penatibus vestibulum ac in sagittis ac maecenas natoque felis quam. Venenatis varius a quam quis cum placerat. 						</div>
				</div>
				<div class="elementor-element elementor-element-60078fb5 elementor-widget elementor-widget-image" data-id="60078fb5" data-element_type="widget" data-widget_type="image.default">
				<div class="elementor-widget-container">
			<style>/*! elementor - v3.16.0 - 09-10-2023 */
.elementor-widget-image{text-align:center}.elementor-widget-image a{display:inline-block}.elementor-widget-image a img[src$=".svg"]{width:48px}.elementor-widget-image img{vertical-align:middle;display:inline-block}</style>												<img decoding="async" fetchpriority="high" width="1032" height="378" src="/wp-content/uploads/2020/12/Image-1-3.jpg" class="attachment-full size-full wp-image-651" alt="" />															</div>
				</div>
				<div class="elementor-element elementor-element-7bbca32f elementor-widget elementor-widget-text-editor" data-id="7bbca32f" data-element_type="widget" data-widget_type="text-editor.default">
				<div class="elementor-widget-container">
							Leo elit dui adipiscing ad eleifend congue primis curabitur etiam mi scelerisque nibh habitasse consectetur sapien lacinia condimentum eget. Gravida cubilia justo lacinia scelerisque purus justo orci a vestibulum donec primis suspendisse dignissim class tortor phasellus vestibulum duis ullamcorper natoque leo cursus.						</div>
				</div>
					</div>
		</div>
							</div>
		</section>
							</div>
		]]></content:encoded>
					
					<wfw:commentRss>/product/xanna-note/feed/</wfw:commentRss>
			<slash:comments>1</slash:comments>
		
		
			</item>
		<item>
		<title>Air Fryer with DualZone</title>
		<link>/product/air-fryer-with-dualzone/</link>
					<comments>/product/air-fryer-with-dualzone/#comments</comments>
		
		<dc:creator><![CDATA[rukuncse@gmail.com]]></dc:creator>
		<pubDate>Mon, 07 Dec 2020 19:58:52 +0000</pubDate>
				<guid isPermaLink="false">https://xstore.8theme.com/elementor/demos/niche-market02/?post_type=product&#038;p=1046</guid>

					<description><![CDATA[<p style="text-transform: capitalize;">Uses a dictionary of over combined wth a handful of model sentence structures, to generatein lorem Isum which looks reasonable.</p>
<span style="color: #999999; text-transform: capitalize;"><i class="et-icon et-tick" style="margin-right: 10px;"></i> DPI Selection:2600/2000/1600/1200</span>
<span style="color: #999999; text-transform: capitalize;"><i class="et-icon et-tick" style="margin-right: 10px;"></i> Connect Directly To Suspension</span>]]></description>
										<content:encoded><![CDATA[		<div data-elementor-type="wp-post" data-elementor-id="1046" class="elementor elementor-1046">
									<section class="elementor-section elementor-top-section elementor-element elementor-element-69b44582 elementor-section-boxed elementor-section-height-default elementor-section-height-default" data-id="69b44582" data-element_type="section">
						<div class="elementor-container elementor-column-gap-no">
					<div class="elementor-column elementor-col-100 elementor-top-column elementor-element elementor-element-5c5db240" data-id="5c5db240" data-element_type="column">
			<div class="elementor-widget-wrap elementor-element-populated">
								<div class="elementor-element elementor-element-29f222b elementor-widget elementor-widget-text-editor" data-id="29f222b" data-element_type="widget" data-widget_type="text-editor.default">
				<div class="elementor-widget-container">
							There are many variations of passages of Lorem Ipsum available, but the majority have suffered alteration in some form, by injected humour, or randomised words which don&#8217;t look even slightly believable. If you are going to use a passage of Lorem Ipsum, you need to be sure anything embarrassing. Suspendisse etiam a suspendisse urna vitae natoque ut a ante vestibulum.
Quis commodo consequat feugiat sapien ut tempor laoreet a suspendisse arcu parturient proin nulla tortor inceptos elementum penatibus vestibulum ac in sagittis ac maecenas natoque felis quam. Venenatis varius a quam quis cum placerat.						</div>
				</div>
				<div class="elementor-element elementor-element-60078fb5 elementor-widget elementor-widget-image" data-id="60078fb5" data-element_type="widget" data-widget_type="image.default">
				<div class="elementor-widget-container">
															<img decoding="async" width="1032" height="378" src="/wp-content/uploads/2020/12/Image-1-3.jpg" class="attachment-full size-full wp-image-651" alt="" />															</div>
				</div>
				<div class="elementor-element elementor-element-7bbca32f elementor-widget elementor-widget-text-editor" data-id="7bbca32f" data-element_type="widget" data-widget_type="text-editor.default">
				<div class="elementor-widget-container">
							Leo elit dui adipiscing ad eleifend congue primis curabitur etiam mi scelerisque nibh habitasse consectetur sapien lacinia condimentum eget. Gravida cubilia justo lacinia scelerisque purus justo orci a vestibulum donec primis suspendisse dignissim class tortor phasellus vestibulum duis ullamcorper natoque leo cursus.						</div>
				</div>
					</div>
		</div>
							</div>
		</section>
							</div>
		]]></content:encoded>
					
					<wfw:commentRss>/product/air-fryer-with-dualzone/feed/</wfw:commentRss>
			<slash:comments>1</slash:comments>
		
		
			</item>
	</channel>
</rss>
