<?xml version="1.0" encoding="UTF-8"?><rss version="2.0"
	xmlns:content="http://purl.org/rss/1.0/modules/content/"
	xmlns:dc="http://purl.org/dc/elements/1.1/"
	xmlns:atom="http://www.w3.org/2005/Atom"
	xmlns:sy="http://purl.org/rss/1.0/modules/syndication/"
	
	>
<channel>
	<title>
	Comments on: Note	</title>
	<atom:link href="/product/note/feed/" rel="self" type="application/rss+xml" />
	<link>/product/note/</link>
	<description></description>
	<lastBuildDate>Sun, 10 Sep 2023 20:34:39 +0000</lastBuildDate>
	<sy:updatePeriod>
	hourly	</sy:updatePeriod>
	<sy:updateFrequency>
	1	</sy:updateFrequency>
	
	<item>
		<title>
		By: Rose Tyler		</title>
		<link>/product/note/#comment-12</link>

		<dc:creator><![CDATA[Rose Tyler]]></dc:creator>
		<pubDate>Tue, 08 Dec 2020 09:40:50 +0000</pubDate>
		<guid isPermaLink="false">https://xstore.8theme.com/elementor/demos/niche-market02/?post_type=product&#038;p=1096#comment-12</guid>

					<description><![CDATA[Quis commodo consequat feugiat sapien ut tempor laoreet a suspendisse arcu parturient proin nulla tortor inceptos elementum penatibus vestibulum ac in sagittis ac maecenas natoque felis quam. Venenatis varius a quam quis cum placerat.]]></description>
			<content:encoded><![CDATA[<p>Quis commodo consequat feugiat sapien ut tempor laoreet a suspendisse arcu parturient proin nulla tortor inceptos elementum penatibus vestibulum ac in sagittis ac maecenas natoque felis quam. Venenatis varius a quam quis cum placerat.</p>
]]></content:encoded>
		
			</item>
	</channel>
</rss>
