<?xml version="1.0" encoding="UTF-8"?><rss version="2.0"
	xmlns:content="http://purl.org/rss/1.0/modules/content/"
	xmlns:dc="http://purl.org/dc/elements/1.1/"
	xmlns:atom="http://www.w3.org/2005/Atom"
	xmlns:sy="http://purl.org/rss/1.0/modules/syndication/"
	
	>
<channel>
	<title>
	Comments on: New product	</title>
	<atom:link href="/product/new-product/feed/" rel="self" type="application/rss+xml" />
	<link>/product/new-product/</link>
	<description></description>
	<lastBuildDate>Sun, 10 Sep 2023 20:34:39 +0000</lastBuildDate>
	<sy:updatePeriod>
	hourly	</sy:updatePeriod>
	<sy:updateFrequency>
	1	</sy:updateFrequency>
	
	<item>
		<title>
		By: Rose Tyler		</title>
		<link>/product/new-product/#comment-8</link>

		<dc:creator><![CDATA[Rose Tyler]]></dc:creator>
		<pubDate>Tue, 08 Dec 2020 09:40:37 +0000</pubDate>
		<guid isPermaLink="false">https://xstore.8theme.com/elementor/demos/niche-market02/?post_type=product&#038;p=1092#comment-8</guid>

					<description><![CDATA[There are many variations of passages of Lorem Ipsum available, but the majority have suffered alteration in some form, by injected humour, or randomised words which don’t look even slightly believable. If you are going to use a passage of Lorem Ipsum, you need to be sure anything embarrassing. Suspendisse etiam a suspendisse urna vitae natoque ut a ante vestibulum. Quis commodo consequat feugiat sapien ut tempor laoreet a suspendisse arcu parturient proin nulla tortor inceptos elementum penatibus vestibulum ac in sagittis ac maecenas natoque felis quam. Venenatis varius a quam quis cum placerat.]]></description>
			<content:encoded><![CDATA[<p>There are many variations of passages of Lorem Ipsum available, but the majority have suffered alteration in some form, by injected humour, or randomised words which don’t look even slightly believable. If you are going to use a passage of Lorem Ipsum, you need to be sure anything embarrassing. Suspendisse etiam a suspendisse urna vitae natoque ut a ante vestibulum. Quis commodo consequat feugiat sapien ut tempor laoreet a suspendisse arcu parturient proin nulla tortor inceptos elementum penatibus vestibulum ac in sagittis ac maecenas natoque felis quam. Venenatis varius a quam quis cum placerat.</p>
]]></content:encoded>
		
			</item>
	</channel>
</rss>
