<?xml version="1.0" encoding="UTF-8"?><rss version="2.0"
	xmlns:content="http://purl.org/rss/1.0/modules/content/"
	xmlns:dc="http://purl.org/dc/elements/1.1/"
	xmlns:atom="http://www.w3.org/2005/Atom"
	xmlns:sy="http://purl.org/rss/1.0/modules/syndication/"
	
	>
<channel>
	<title>
	Comments on: 1914 Translation By H. Rackham	</title>
	<atom:link href="/1914-translation-by-h-rackham/feed/" rel="self" type="application/rss+xml" />
	<link>/1914-translation-by-h-rackham/</link>
	<description></description>
	<lastBuildDate>Sat, 07 Nov 2020 13:06:11 +0000</lastBuildDate>
	<sy:updatePeriod>
	hourly	</sy:updatePeriod>
	<sy:updateFrequency>
	1	</sy:updateFrequency>
	
</channel>
</rss>
