<?xml version="1.0" encoding="UTF-8"?><rss version="2.0"
	xmlns:content="http://purl.org/rss/1.0/modules/content/"
	xmlns:dc="http://purl.org/dc/elements/1.1/"
	xmlns:atom="http://www.w3.org/2005/Atom"
	xmlns:sy="http://purl.org/rss/1.0/modules/syndication/"
	
	>
<channel>
	<title>
	Comments on: Air Fryer with DualZone	</title>
	<atom:link href="/product/air-fryer-with-dualzone/feed/" rel="self" type="application/rss+xml" />
	<link>/product/air-fryer-with-dualzone/</link>
	<description></description>
	<lastBuildDate>Sun, 10 Sep 2023 20:34:39 +0000</lastBuildDate>
	<sy:updatePeriod>
	hourly	</sy:updatePeriod>
	<sy:updateFrequency>
	1	</sy:updateFrequency>
	
	<item>
		<title>
		By: Rose Tyler		</title>
		<link>/product/air-fryer-with-dualzone/#comment-3</link>

		<dc:creator><![CDATA[Rose Tyler]]></dc:creator>
		<pubDate>Mon, 07 Dec 2020 20:19:02 +0000</pubDate>
		<guid isPermaLink="false">https://xstore.8theme.com/elementor/demos/niche-market02/?post_type=product&#038;p=1046#comment-3</guid>

					<description><![CDATA[Uses A Dictionary Of Over Combined Wth A Handful Of Model Sentence Structures, To Generatein Lorem Isum Which Looks Reasonable.]]></description>
			<content:encoded><![CDATA[<p>Uses A Dictionary Of Over Combined Wth A Handful Of Model Sentence Structures, To Generatein Lorem Isum Which Looks Reasonable.</p>
]]></content:encoded>
		
			</item>
	</channel>
</rss>
