<?xml version="1.0" encoding="UTF-8"?><rss version="2.0"
	xmlns:content="http://purl.org/rss/1.0/modules/content/"
	xmlns:dc="http://purl.org/dc/elements/1.1/"
	xmlns:atom="http://www.w3.org/2005/Atom"
	xmlns:sy="http://purl.org/rss/1.0/modules/syndication/"
	
	>
<channel>
	<title>
	Comments on: Finibus Bonorum Malorum By Cicero	</title>
	<atom:link href="/finibus-bonorum-malorum-by-cicero/feed/" rel="self" type="application/rss+xml" />
	<link>/finibus-bonorum-malorum-by-cicero/</link>
	<description></description>
	<lastBuildDate>Wed, 07 Oct 2020 13:07:00 +0000</lastBuildDate>
	<sy:updatePeriod>
	hourly	</sy:updatePeriod>
	<sy:updateFrequency>
	1	</sy:updateFrequency>
	
</channel>
</rss>
