<?xml version="1.0" encoding="UTF-8"?><rss version="2.0"
	xmlns:content="http://purl.org/rss/1.0/modules/content/"
	xmlns:dc="http://purl.org/dc/elements/1.1/"
	xmlns:atom="http://www.w3.org/2005/Atom"
	xmlns:sy="http://purl.org/rss/1.0/modules/syndication/"
	
	>
<channel>
	<title>
	Comments on: Fryer with DualZone	</title>
	<atom:link href="/product/fryer-with-dualzone-2/feed/" rel="self" type="application/rss+xml" />
	<link>/product/fryer-with-dualzone-2/</link>
	<description></description>
	<lastBuildDate>Thu, 17 Dec 2020 16:01:58 +0000</lastBuildDate>
	<sy:updatePeriod>
	hourly	</sy:updatePeriod>
	<sy:updateFrequency>
	1	</sy:updateFrequency>
	
</channel>
</rss>
